organoid_id,day,missing_metabolites,issue
BA1_96_1_C11,Dy17,ALL,not_in_promega_csv
BA1_96_1_D7,Dy17,ALL,not_in_promega_csv
BA1_96_1_A1,Dy28,ALL,not_in_promega_csv
BA1_96_1_A10,Dy28,ALL,not_in_promega_csv
BA1_96_1_A12,Dy28,ALL,not_in_promega_csv
BA1_96_1_A4,Dy28,ALL,not_in_promega_csv
BA1_96_1_B3,Dy28,ALL,not_in_promega_csv
BA1_96_1_D8,Dy28,ALL,not_in_promega_csv
BA1_96_1_E9,Dy28,ALL,not_in_promega_csv
BA1_96_1_F6,Dy28,ALL,not_in_promega_csv
BA1_96_1_H1,Dy28,ALL,not_in_promega_csv
BA1_96_1_H12,Dy28,ALL,not_in_promega_csv
BA1_96_1_H8,Dy28,ALL,not_in_promega_csv
BA1_96_1_H9,Dy28,ALL,not_in_promega_csv
BA1_96_1_A1,Dy30,ALL,not_in_promega_csv
BA1_96_1_A10,Dy30,ALL,not_in_promega_csv
BA1_96_1_A11,Dy30,ALL,not_in_promega_csv
BA1_96_1_A12,Dy30,ALL,not_in_promega_csv
BA1_96_1_A6,Dy30,ALL,not_in_promega_csv
BA1_96_1_A8,Dy30,ALL,not_in_promega_csv
BA1_96_1_A9,Dy30,ALL,not_in_promega_csv
BA1_96_1_B11,Dy30,ALL,not_in_promega_csv
BA1_96_1_B3,Dy30,ALL,not_in_promega_csv
BA1_96_1_D1,Dy30,ALL,not_in_promega_csv
BA1_96_1_D12,Dy30,ALL,not_in_promega_csv
BA1_96_1_D8,Dy30,ALL,not_in_promega_csv
BA1_96_1_E12,Dy30,ALL,not_in_promega_csv
BA1_96_1_E9,Dy30,ALL,not_in_promega_csv
BA1_96_1_F6,Dy30,ALL,not_in_promega_csv
BA1_96_1_G5,Dy30,ALL,not_in_promega_csv
BA1_96_1_G6,Dy30,ALL,not_in_promega_csv
BA1_96_1_G7,Dy30,ALL,not_in_promega_csv
BA1_96_1_H1,Dy30,ALL,not_in_promega_csv
BA1_96_1_H12,Dy30,ALL,not_in_promega_csv
BA1_96_1_H5,Dy30,ALL,not_in_promega_csv
BA1_96_1_H8,Dy30,ALL,not_in_promega_csv
BA1_96_1_H9,Dy30,ALL,not_in_promega_csv
BA2_96_1_A1,Dy03,ALL,not_in_promega_csv
BA2_96_1_C1,Dy03,ALL,not_in_promega_csv
BA2_96_1_D10,Dy03,ALL,not_in_promega_csv
BA2_96_1_E1,Dy03,ALL,not_in_promega_csv
BA2_96_1_E7,Dy03,ALL,not_in_promega_csv
BA2_96_1_E8,Dy03,ALL,not_in_promega_csv
BA2_96_1_H12,Dy03,ALL,not_in_promega_csv
BA2_96_1_A1,Dy06,ALL,not_in_promega_csv
BA2_96_1_C1,Dy06,ALL,not_in_promega_csv
BA2_96_1_D10,Dy06,ALL,not_in_promega_csv
BA2_96_1_E1,Dy06,ALL,not_in_promega_csv
BA2_96_1_E7,Dy06,ALL,not_in_promega_csv
BA2_96_1_E8,Dy06,ALL,not_in_promega_csv
BA2_96_1_H12,Dy06,ALL,not_in_promega_csv
BA2_96_1_A1,Dy08,ALL,not_in_promega_csv
BA2_96_1_C1,Dy08,ALL,not_in_promega_csv
BA2_96_1_D10,Dy08,ALL,not_in_promega_csv
BA2_96_1_E1,Dy08,ALL,not_in_promega_csv
BA2_96_1_E7,Dy08,ALL,not_in_promega_csv
BA2_96_1_E8,Dy08,ALL,not_in_promega_csv
BA2_96_1_H12,Dy08,ALL,not_in_promega_csv
BA2_96_1_A1,Dy10,ALL,not_in_promega_csv
BA2_96_1_C1,Dy10,ALL,not_in_promega_csv
BA2_96_1_D10,Dy10,ALL,not_in_promega_csv
BA2_96_1_E1,Dy10,ALL,not_in_promega_csv
BA2_96_1_E7,Dy10,ALL,not_in_promega_csv
BA2_96_1_E8,Dy10,ALL,not_in_promega_csv
BA2_96_1_H12,Dy10,ALL,not_in_promega_csv
BA2_96_1_A1,Dy13,ALL,not_in_promega_csv
BA2_96_1_C1,Dy13,ALL,not_in_promega_csv
BA2_96_1_D10,Dy13,ALL,not_in_promega_csv
BA2_96_1_E1,Dy13,ALL,not_in_promega_csv
BA2_96_1_E7,Dy13,ALL,not_in_promega_csv
BA2_96_1_E8,Dy13,ALL,not_in_promega_csv
BA2_96_1_H12,Dy13,ALL,not_in_promega_csv
BA2_96_1_A1,Dy15,ALL,not_in_promega_csv
BA2_96_1_C1,Dy15,ALL,not_in_promega_csv
BA2_96_1_D10,Dy15,ALL,not_in_promega_csv
BA2_96_1_E1,Dy15,ALL,not_in_promega_csv
BA2_96_1_E7,Dy15,ALL,not_in_promega_csv
BA2_96_1_E8,Dy15,ALL,not_in_promega_csv
BA2_96_1_H12,Dy15,ALL,not_in_promega_csv
BA2_96_1_C1,Dy17,ALL,not_in_promega_csv
BA2_96_1_D10,Dy17,ALL,not_in_promega_csv
BA2_96_1_E1,Dy17,ALL,not_in_promega_csv
BA2_96_1_E7,Dy17,ALL,not_in_promega_csv
BA2_96_1_E8,Dy17,ALL,not_in_promega_csv
BA2_96_1_H12,Dy17,ALL,not_in_promega_csv
BA2_96_1_A1,Dy20.5,ALL,not_in_promega_csv
BA2_96_1_B12,Dy20.5,ALL,not_in_promega_csv
BA2_96_1_B9,Dy20.5,ALL,not_in_promega_csv
BA2_96_1_C1,Dy20.5,ALL,not_in_promega_csv
BA2_96_1_D10,Dy20.5,ALL,not_in_promega_csv
BA2_96_1_D7,Dy20.5,ALL,not_in_promega_csv
BA2_96_1_E1,Dy20.5,ALL,not_in_promega_csv
BA2_96_1_E7,Dy20.5,ALL,not_in_promega_csv
BA2_96_1_E7,Dy20.5,ALL,not_in_promega_csv
BA2_96_1_E8,Dy20.5,ALL,not_in_promega_csv
BA2_96_1_H12,Dy20.5,ALL,not_in_promega_csv
BA2_96_1_A1,Dy24,ALL,not_in_promega_csv
BA2_96_1_A12,Dy24,ALL,not_in_promega_csv
BA2_96_1_A2,Dy24,ALL,not_in_promega_csv
BA2_96_1_A4,Dy24,ALL,not_in_promega_csv
BA2_96_1_A5,Dy24,ALL,not_in_promega_csv
BA2_96_1_B1,Dy24,ALL,not_in_promega_csv
BA2_96_1_B11,Dy24,ALL,not_in_promega_csv
BA2_96_1_B4,Dy24,ALL,not_in_promega_csv
BA2_96_1_B9,Dy24,ALL,not_in_promega_csv
BA2_96_1_C1,Dy24,ALL,not_in_promega_csv
BA2_96_1_C2,Dy24,ALL,not_in_promega_csv
BA2_96_1_C5,Dy24,ALL,not_in_promega_csv
BA2_96_1_C7,Dy24,ALL,not_in_promega_csv
BA2_96_1_D1,Dy24,ALL,not_in_promega_csv
BA2_96_1_D10,Dy24,ALL,not_in_promega_csv
BA2_96_1_D10,Dy24,ALL,not_in_promega_csv
BA2_96_1_D12,Dy24,ALL,not_in_promega_csv
BA2_96_1_D7,Dy24,ALL,not_in_promega_csv
BA2_96_1_E1,Dy24,ALL,not_in_promega_csv
BA2_96_1_E1,Dy24,ALL,not_in_promega_csv
BA2_96_1_E7,Dy24,ALL,not_in_promega_csv
BA2_96_1_E7,Dy24,ALL,not_in_promega_csv
BA2_96_1_E8,Dy24,ALL,not_in_promega_csv
BA2_96_1_E8,Dy24,ALL,not_in_promega_csv
BA2_96_1_F11,Dy24,ALL,not_in_promega_csv
BA2_96_1_F12,Dy24,ALL,not_in_promega_csv
BA2_96_1_H12,Dy24,ALL,not_in_promega_csv
BA2_96_1_A1,Dy28,ALL,not_in_promega_csv
BA2_96_1_A10,Dy28,ALL,not_in_promega_csv
BA2_96_1_A11,Dy28,ALL,not_in_promega_csv
BA2_96_1_A12,Dy28,ALL,not_in_promega_csv
BA2_96_1_A2,Dy28,ALL,not_in_promega_csv
BA2_96_1_A3,Dy28,ALL,not_in_promega_csv
BA2_96_1_A4,Dy28,ALL,not_in_promega_csv
BA2_96_1_A5,Dy28,ALL,not_in_promega_csv
BA2_96_1_A9,Dy28,ALL,not_in_promega_csv
BA2_96_1_B1,Dy28,ALL,not_in_promega_csv
BA2_96_1_B4,Dy28,ALL,not_in_promega_csv
BA2_96_1_B9,Dy28,ALL,not_in_promega_csv
BA2_96_1_C1,Dy28,ALL,not_in_promega_csv
BA2_96_1_C1,Dy28,ALL,not_in_promega_csv
BA2_96_1_C5,Dy28,ALL,not_in_promega_csv
BA2_96_1_C7,Dy28,ALL,not_in_promega_csv
BA2_96_1_D10,Dy28,ALL,not_in_promega_csv
BA2_96_1_D10,Dy28,ALL,not_in_promega_csv
BA2_96_1_D12,Dy28,ALL,not_in_promega_csv
BA2_96_1_D4,Dy28,ALL,not_in_promega_csv
BA2_96_1_E1,Dy28,ALL,not_in_promega_csv
BA2_96_1_E1,Dy28,ALL,not_in_promega_csv
BA2_96_1_E10,Dy28,ALL,not_in_promega_csv
BA2_96_1_E11,Dy28,ALL,not_in_promega_csv
BA2_96_1_E7,Dy28,ALL,not_in_promega_csv
BA2_96_1_E7,Dy28,ALL,not_in_promega_csv
BA2_96_1_E8,Dy28,ALL,not_in_promega_csv
BA2_96_1_E8,Dy28,ALL,not_in_promega_csv
BA2_96_1_E9,Dy28,ALL,not_in_promega_csv
BA2_96_1_F11,Dy28,ALL,not_in_promega_csv
BA2_96_1_F12,Dy28,ALL,not_in_promega_csv
BA2_96_1_F3,Dy28,ALL,not_in_promega_csv
BA2_96_1_G4,Dy28,ALL,not_in_promega_csv
BA2_96_1_G8,Dy28,ALL,not_in_promega_csv
BA2_96_1_H10,Dy28,ALL,not_in_promega_csv
BA2_96_1_H12,Dy28,ALL,not_in_promega_csv
BA2_96_1_H8,Dy28,ALL,not_in_promega_csv
BA2_96_1_A1,Dy30,ALL,not_in_promega_csv
BA2_96_1_A10,Dy30,ALL,not_in_promega_csv
BA2_96_1_A11,Dy30,ALL,not_in_promega_csv
BA2_96_1_A2,Dy30,ALL,not_in_promega_csv
BA2_96_1_A3,Dy30,ALL,not_in_promega_csv
BA2_96_1_A4,Dy30,ALL,not_in_promega_csv
BA2_96_1_B1,Dy30,ALL,not_in_promega_csv
BA2_96_1_B11,Dy30,ALL,not_in_promega_csv
BA2_96_1_B7,Dy30,ALL,not_in_promega_csv
BA2_96_1_C1,Dy30,ALL,not_in_promega_csv
BA2_96_1_C1,Dy30,ALL,not_in_promega_csv
BA2_96_1_C12,Dy30,ALL,not_in_promega_csv
BA2_96_1_C2,Dy30,ALL,not_in_promega_csv
BA2_96_1_C5,Dy30,ALL,not_in_promega_csv
BA2_96_1_D1,Dy30,ALL,not_in_promega_csv
BA2_96_1_D10,Dy30,ALL,not_in_promega_csv
BA2_96_1_D10,Dy30,ALL,not_in_promega_csv
BA2_96_1_D12,Dy30,ALL,not_in_promega_csv
BA2_96_1_D6,Dy30,ALL,not_in_promega_csv
BA2_96_1_E1,Dy30,ALL,not_in_promega_csv
BA2_96_1_E1,Dy30,ALL,not_in_promega_csv
BA2_96_1_E10,Dy30,ALL,not_in_promega_csv
BA2_96_1_E11,Dy30,ALL,not_in_promega_csv
BA2_96_1_E7,Dy30,ALL,not_in_promega_csv
BA2_96_1_E7,Dy30,ALL,not_in_promega_csv
BA2_96_1_E8,Dy30,ALL,not_in_promega_csv
BA2_96_1_E8,Dy30,ALL,not_in_promega_csv
BA2_96_1_F12,Dy30,ALL,not_in_promega_csv
BA2_96_1_F3,Dy30,ALL,not_in_promega_csv
BA2_96_1_G2,Dy30,ALL,not_in_promega_csv
BA2_96_1_H10,Dy30,ALL,not_in_promega_csv
BA2_96_1_H12,Dy30,ALL,not_in_promega_csv
BA2_96_2_A1,Dy03,ALL,not_in_promega_csv
BA2_96_2_B3,Dy03,ALL,not_in_promega_csv
BA2_96_2_B5,Dy03,ALL,not_in_promega_csv
BA2_96_2_B8,Dy03,ALL,not_in_promega_csv
BA2_96_2_C8,Dy03,ALL,not_in_promega_csv
BA2_96_2_D12,Dy03,ALL,not_in_promega_csv
BA2_96_2_D5,Dy03,ALL,not_in_promega_csv
BA2_96_2_D7,Dy03,ALL,not_in_promega_csv
BA2_96_2_E3,Dy03,ALL,not_in_promega_csv
BA2_96_2_H12,Dy03,ALL,not_in_promega_csv
BA2_96_2_A1,Dy06,ALL,not_in_promega_csv
BA2_96_2_B3,Dy06,ALL,not_in_promega_csv
BA2_96_2_B5,Dy06,ALL,not_in_promega_csv
BA2_96_2_B8,Dy06,ALL,not_in_promega_csv
BA2_96_2_C8,Dy06,ALL,not_in_promega_csv
BA2_96_2_D12,Dy06,ALL,not_in_promega_csv
BA2_96_2_D5,Dy06,ALL,not_in_promega_csv
BA2_96_2_D7,Dy06,ALL,not_in_promega_csv
BA2_96_2_E3,Dy06,ALL,not_in_promega_csv
BA2_96_2_H12,Dy06,ALL,not_in_promega_csv
BA2_96_2_A1,Dy08,ALL,not_in_promega_csv
BA2_96_2_A12,Dy08,ALL,not_in_promega_csv
BA2_96_2_B3,Dy08,ALL,not_in_promega_csv
BA2_96_2_B5,Dy08,ALL,not_in_promega_csv
BA2_96_2_B8,Dy08,ALL,not_in_promega_csv
BA2_96_2_C8,Dy08,ALL,not_in_promega_csv
BA2_96_2_D12,Dy08,ALL,not_in_promega_csv
BA2_96_2_D5,Dy08,ALL,not_in_promega_csv
BA2_96_2_D7,Dy08,ALL,not_in_promega_csv
BA2_96_2_E3,Dy08,ALL,not_in_promega_csv
BA2_96_2_H12,Dy08,ALL,not_in_promega_csv
BA2_96_2_A1,Dy10,ALL,not_in_promega_csv
BA2_96_2_A12,Dy10,ALL,not_in_promega_csv
BA2_96_2_B3,Dy10,ALL,not_in_promega_csv
BA2_96_2_B5,Dy10,ALL,not_in_promega_csv
BA2_96_2_B8,Dy10,ALL,not_in_promega_csv
BA2_96_2_C8,Dy10,ALL,not_in_promega_csv
BA2_96_2_D12,Dy10,ALL,not_in_promega_csv
BA2_96_2_D5,Dy10,ALL,not_in_promega_csv
BA2_96_2_D7,Dy10,ALL,not_in_promega_csv
BA2_96_2_E3,Dy10,ALL,not_in_promega_csv
BA2_96_2_H12,Dy10,ALL,not_in_promega_csv
BA2_96_2_A1,Dy13,ALL,not_in_promega_csv
BA2_96_2_B3,Dy13,ALL,not_in_promega_csv
BA2_96_2_B5,Dy13,ALL,not_in_promega_csv
BA2_96_2_B8,Dy13,ALL,not_in_promega_csv
BA2_96_2_C8,Dy13,ALL,not_in_promega_csv
BA2_96_2_D12,Dy13,ALL,not_in_promega_csv
BA2_96_2_D5,Dy13,ALL,not_in_promega_csv
BA2_96_2_D7,Dy13,ALL,not_in_promega_csv
BA2_96_2_E3,Dy13,ALL,not_in_promega_csv
BA2_96_2_H12,Dy13,ALL,not_in_promega_csv
BA2_96_2_A1,Dy15,ALL,not_in_promega_csv
BA2_96_2_A4,Dy15,ALL,not_in_promega_csv
BA2_96_2_B3,Dy15,ALL,not_in_promega_csv
BA2_96_2_B5,Dy15,ALL,not_in_promega_csv
BA2_96_2_B8,Dy15,ALL,not_in_promega_csv
BA2_96_2_C8,Dy15,ALL,not_in_promega_csv
BA2_96_2_D12,Dy15,ALL,not_in_promega_csv
BA2_96_2_D5,Dy15,ALL,not_in_promega_csv
BA2_96_2_D7,Dy15,ALL,not_in_promega_csv
BA2_96_2_E3,Dy15,ALL,not_in_promega_csv
BA2_96_2_H12,Dy15,ALL,not_in_promega_csv
BA2_96_2_A1,Dy17,ALL,not_in_promega_csv
BA2_96_2_B3,Dy17,ALL,not_in_promega_csv
BA2_96_2_B5,Dy17,ALL,not_in_promega_csv
BA2_96_2_B8,Dy17,ALL,not_in_promega_csv
BA2_96_2_C8,Dy17,ALL,not_in_promega_csv
BA2_96_2_D12,Dy17,ALL,not_in_promega_csv
BA2_96_2_D5,Dy17,ALL,not_in_promega_csv
BA2_96_2_D7,Dy17,ALL,not_in_promega_csv
BA2_96_2_E3,Dy17,ALL,not_in_promega_csv
BA2_96_2_H12,Dy17,ALL,not_in_promega_csv
BA2_96_2_B3,Dy20.5,ALL,not_in_promega_csv
BA2_96_2_B5,Dy20.5,ALL,not_in_promega_csv
BA2_96_2_B8,Dy20.5,ALL,not_in_promega_csv
BA2_96_2_C8,Dy20.5,ALL,not_in_promega_csv
BA2_96_2_D12,Dy20.5,ALL,not_in_promega_csv
BA2_96_2_D12,Dy20.5,ALL,not_in_promega_csv
BA2_96_2_D5,Dy20.5,ALL,not_in_promega_csv
BA2_96_2_D5,Dy20.5,ALL,not_in_promega_csv
BA2_96_2_D7,Dy20.5,ALL,not_in_promega_csv
BA2_96_2_D7,Dy20.5,ALL,not_in_promega_csv
BA2_96_2_E3,Dy20.5,ALL,not_in_promega_csv
BA2_96_2_H12,Dy20.5,ALL,not_in_promega_csv
BA2_96_2_A1,Dy24,ALL,not_in_promega_csv
BA2_96_2_A10,Dy24,ALL,not_in_promega_csv
BA2_96_2_A12,Dy24,ALL,not_in_promega_csv
BA2_96_2_A8,Dy24,ALL,not_in_promega_csv
BA2_96_2_B3,Dy24,ALL,not_in_promega_csv
BA2_96_2_B3,Dy24,ALL,not_in_promega_csv
BA2_96_2_B5,Dy24,ALL,not_in_promega_csv
BA2_96_2_B5,Dy24,ALL,not_in_promega_csv
BA2_96_2_B8,Dy24,ALL,not_in_promega_csv
BA2_96_2_B8,Dy24,ALL,not_in_promega_csv
BA2_96_2_C8,Dy24,ALL,not_in_promega_csv
BA2_96_2_D12,Dy24,ALL,not_in_promega_csv
BA2_96_2_D5,Dy24,ALL,not_in_promega_csv
BA2_96_2_D5,Dy24,ALL,not_in_promega_csv
BA2_96_2_D7,Dy24,ALL,not_in_promega_csv
BA2_96_2_D8,Dy24,ALL,not_in_promega_csv
BA2_96_2_E3,Dy24,ALL,not_in_promega_csv
BA2_96_2_E5,Dy24,ALL,not_in_promega_csv
BA2_96_2_F4,Dy24,ALL,not_in_promega_csv
BA2_96_2_H12,Dy24,ALL,not_in_promega_csv
BA2_96_2_A1,Dy28,ALL,not_in_promega_csv
BA2_96_2_A4,Dy28,ALL,not_in_promega_csv
BA2_96_2_A7,Dy28,ALL,not_in_promega_csv
BA2_96_2_B1,Dy28,ALL,not_in_promega_csv
BA2_96_2_B12,Dy28,ALL,not_in_promega_csv
BA2_96_2_B3,Dy28,ALL,not_in_promega_csv
BA2_96_2_B3,Dy28,ALL,not_in_promega_csv
BA2_96_2_B5,Dy28,ALL,not_in_promega_csv
BA2_96_2_B5,Dy28,ALL,not_in_promega_csv
BA2_96_2_B8,Dy28,ALL,not_in_promega_csv
BA2_96_2_B8,Dy28,ALL,not_in_promega_csv
BA2_96_2_C6,Dy28,ALL,not_in_promega_csv
BA2_96_2_C8,Dy28,ALL,not_in_promega_csv
BA2_96_2_C8,Dy28,ALL,not_in_promega_csv
BA2_96_2_D10,Dy28,ALL,not_in_promega_csv
BA2_96_2_D12,Dy28,ALL,not_in_promega_csv
BA2_96_2_D12,Dy28,ALL,not_in_promega_csv
BA2_96_2_D5,Dy28,ALL,not_in_promega_csv
BA2_96_2_D5,Dy28,ALL,not_in_promega_csv
BA2_96_2_D7,Dy28,ALL,not_in_promega_csv
BA2_96_2_D7,Dy28,ALL,not_in_promega_csv
BA2_96_2_E1,Dy28,ALL,not_in_promega_csv
BA2_96_2_E3,Dy28,ALL,not_in_promega_csv
BA2_96_2_E3,Dy28,ALL,not_in_promega_csv
BA2_96_2_F5,Dy28,ALL,not_in_promega_csv
BA2_96_2_G10,Dy28,ALL,not_in_promega_csv
BA2_96_2_H12,Dy28,ALL,not_in_promega_csv
BA2_96_2_H4,Dy28,ALL,not_in_promega_csv
BA2_96_2_A1,Dy30,ALL,not_in_promega_csv
BA2_96_2_A7,Dy30,ALL,not_in_promega_csv
BA2_96_2_A9,Dy30,ALL,not_in_promega_csv
BA2_96_2_B1,Dy30,ALL,not_in_promega_csv
BA2_96_2_B12,Dy30,ALL,not_in_promega_csv
BA2_96_2_B3,Dy30,ALL,not_in_promega_csv
BA2_96_2_B3,Dy30,ALL,not_in_promega_csv
BA2_96_2_B5,Dy30,ALL,not_in_promega_csv
BA2_96_2_B5,Dy30,ALL,not_in_promega_csv
BA2_96_2_B8,Dy30,ALL,not_in_promega_csv
BA2_96_2_B8,Dy30,ALL,not_in_promega_csv
BA2_96_2_C1,Dy30,ALL,not_in_promega_csv
BA2_96_2_C8,Dy30,ALL,not_in_promega_csv
BA2_96_2_C8,Dy30,ALL,not_in_promega_csv
BA2_96_2_D11,Dy30,ALL,not_in_promega_csv
BA2_96_2_D12,Dy30,ALL,not_in_promega_csv
BA2_96_2_D12,Dy30,ALL,not_in_promega_csv
BA2_96_2_D5,Dy30,ALL,not_in_promega_csv
BA2_96_2_D5,Dy30,ALL,not_in_promega_csv
BA2_96_2_D7,Dy30,ALL,not_in_promega_csv
BA2_96_2_D7,Dy30,ALL,not_in_promega_csv
BA2_96_2_E3,Dy30,ALL,not_in_promega_csv
BA2_96_2_E3,Dy30,ALL,not_in_promega_csv
BA2_96_2_G10,Dy30,ALL,not_in_promega_csv
BA2_96_2_G11,Dy30,ALL,not_in_promega_csv
BA2_96_2_H12,Dy30,ALL,not_in_promega_csv
BA4_96_1_A1,Dy03,ALL,not_in_promega_csv
BA4_96_1_A10,Dy03,ALL,not_in_promega_csv
BA4_96_1_A11,Dy03,ALL,not_in_promega_csv
BA4_96_1_A12,Dy03,ALL,not_in_promega_csv
BA4_96_1_A2,Dy03,ALL,not_in_promega_csv
BA4_96_1_A3,Dy03,ALL,not_in_promega_csv
BA4_96_1_A4,Dy03,ALL,not_in_promega_csv
BA4_96_1_A5,Dy03,ALL,not_in_promega_csv
BA4_96_1_A6,Dy03,ALL,not_in_promega_csv
BA4_96_1_A7,Dy03,ALL,not_in_promega_csv
BA4_96_1_A8,Dy03,ALL,not_in_promega_csv
BA4_96_1_A9,Dy03,ALL,not_in_promega_csv
BA4_96_1_B1,Dy03,ALL,not_in_promega_csv
BA4_96_1_B10,Dy03,ALL,not_in_promega_csv
BA4_96_1_B11,Dy03,ALL,not_in_promega_csv
BA4_96_1_B12,Dy03,ALL,not_in_promega_csv
BA4_96_1_B2,Dy03,ALL,not_in_promega_csv
BA4_96_1_B3,Dy03,ALL,not_in_promega_csv
BA4_96_1_B4,Dy03,ALL,not_in_promega_csv
BA4_96_1_B5,Dy03,ALL,not_in_promega_csv
BA4_96_1_B6,Dy03,ALL,not_in_promega_csv
BA4_96_1_B7,Dy03,ALL,not_in_promega_csv
BA4_96_1_B8,Dy03,ALL,not_in_promega_csv
BA4_96_1_B9,Dy03,ALL,not_in_promega_csv
BA4_96_1_C1,Dy03,ALL,not_in_promega_csv
BA4_96_1_C10,Dy03,ALL,not_in_promega_csv
BA4_96_1_C11,Dy03,ALL,not_in_promega_csv
BA4_96_1_C12,Dy03,ALL,not_in_promega_csv
BA4_96_1_C2,Dy03,ALL,not_in_promega_csv
BA4_96_1_C3,Dy03,ALL,not_in_promega_csv
BA4_96_1_C4,Dy03,ALL,not_in_promega_csv
BA4_96_1_C5,Dy03,ALL,not_in_promega_csv
BA4_96_1_C6,Dy03,ALL,not_in_promega_csv
BA4_96_1_C7,Dy03,ALL,not_in_promega_csv
BA4_96_1_C8,Dy03,ALL,not_in_promega_csv
BA4_96_1_C9,Dy03,ALL,not_in_promega_csv
BA4_96_1_D1,Dy03,ALL,not_in_promega_csv
BA4_96_1_D10,Dy03,ALL,not_in_promega_csv
BA4_96_1_D11,Dy03,ALL,not_in_promega_csv
BA4_96_1_D12,Dy03,ALL,not_in_promega_csv
BA4_96_1_D2,Dy03,ALL,not_in_promega_csv
BA4_96_1_D3,Dy03,ALL,not_in_promega_csv
BA4_96_1_D4,Dy03,ALL,not_in_promega_csv
BA4_96_1_D5,Dy03,ALL,not_in_promega_csv
BA4_96_1_D6,Dy03,ALL,not_in_promega_csv
BA4_96_1_D7,Dy03,ALL,not_in_promega_csv
BA4_96_1_D8,Dy03,ALL,not_in_promega_csv
BA4_96_1_D9,Dy03,ALL,not_in_promega_csv
BA4_96_1_E1,Dy03,ALL,not_in_promega_csv
BA4_96_1_E10,Dy03,ALL,not_in_promega_csv
BA4_96_1_E11,Dy03,ALL,not_in_promega_csv
BA4_96_1_E12,Dy03,ALL,not_in_promega_csv
BA4_96_1_E2,Dy03,ALL,not_in_promega_csv
BA4_96_1_E3,Dy03,ALL,not_in_promega_csv
BA4_96_1_E4,Dy03,ALL,not_in_promega_csv
BA4_96_1_E5,Dy03,ALL,not_in_promega_csv
BA4_96_1_E6,Dy03,ALL,not_in_promega_csv
BA4_96_1_E7,Dy03,ALL,not_in_promega_csv
BA4_96_1_E8,Dy03,ALL,not_in_promega_csv
BA4_96_1_E9,Dy03,ALL,not_in_promega_csv
BA4_96_1_F1,Dy03,ALL,not_in_promega_csv
BA4_96_1_F10,Dy03,ALL,not_in_promega_csv
BA4_96_1_F11,Dy03,ALL,not_in_promega_csv
BA4_96_1_F12,Dy03,ALL,not_in_promega_csv
BA4_96_1_F2,Dy03,ALL,not_in_promega_csv
BA4_96_1_F3,Dy03,ALL,not_in_promega_csv
BA4_96_1_F4,Dy03,ALL,not_in_promega_csv
BA4_96_1_F5,Dy03,ALL,not_in_promega_csv
BA4_96_1_F6,Dy03,ALL,not_in_promega_csv
BA4_96_1_F7,Dy03,ALL,not_in_promega_csv
BA4_96_1_F8,Dy03,ALL,not_in_promega_csv
BA4_96_1_F9,Dy03,ALL,not_in_promega_csv
BA4_96_1_G1,Dy03,ALL,not_in_promega_csv
BA4_96_1_G10,Dy03,ALL,not_in_promega_csv
BA4_96_1_G11,Dy03,ALL,not_in_promega_csv
BA4_96_1_G12,Dy03,ALL,not_in_promega_csv
BA4_96_1_G2,Dy03,ALL,not_in_promega_csv
BA4_96_1_G3,Dy03,ALL,not_in_promega_csv
BA4_96_1_G4,Dy03,ALL,not_in_promega_csv
BA4_96_1_G5,Dy03,ALL,not_in_promega_csv
BA4_96_1_G6,Dy03,ALL,not_in_promega_csv
BA4_96_1_G7,Dy03,ALL,not_in_promega_csv
BA4_96_1_G8,Dy03,ALL,not_in_promega_csv
BA4_96_1_G9,Dy03,ALL,not_in_promega_csv
BA4_96_1_H1,Dy03,ALL,not_in_promega_csv
BA4_96_1_H10,Dy03,ALL,not_in_promega_csv
BA4_96_1_H11,Dy03,ALL,not_in_promega_csv
BA4_96_1_H12,Dy03,ALL,not_in_promega_csv
BA4_96_1_H2,Dy03,ALL,not_in_promega_csv
BA4_96_1_H3,Dy03,ALL,not_in_promega_csv
BA4_96_1_H4,Dy03,ALL,not_in_promega_csv
BA4_96_1_H5,Dy03,ALL,not_in_promega_csv
BA4_96_1_H6,Dy03,ALL,not_in_promega_csv
BA4_96_1_H7,Dy03,ALL,not_in_promega_csv
BA4_96_1_H8,Dy03,ALL,not_in_promega_csv
BA4_96_1_H9,Dy03,ALL,not_in_promega_csv
BA4_96_1_A1,Dy06,ALL,not_in_promega_csv
BA4_96_1_A10,Dy06,ALL,not_in_promega_csv
BA4_96_1_A11,Dy06,ALL,not_in_promega_csv
BA4_96_1_A12,Dy06,ALL,not_in_promega_csv
BA4_96_1_A2,Dy06,ALL,not_in_promega_csv
BA4_96_1_A3,Dy06,ALL,not_in_promega_csv
BA4_96_1_A4,Dy06,ALL,not_in_promega_csv
BA4_96_1_A5,Dy06,ALL,not_in_promega_csv
BA4_96_1_A6,Dy06,ALL,not_in_promega_csv
BA4_96_1_A7,Dy06,ALL,not_in_promega_csv
BA4_96_1_A8,Dy06,ALL,not_in_promega_csv
BA4_96_1_A9,Dy06,ALL,not_in_promega_csv
BA4_96_1_B1,Dy06,ALL,not_in_promega_csv
BA4_96_1_B10,Dy06,ALL,not_in_promega_csv
BA4_96_1_B11,Dy06,ALL,not_in_promega_csv
BA4_96_1_B12,Dy06,ALL,not_in_promega_csv
BA4_96_1_B2,Dy06,ALL,not_in_promega_csv
BA4_96_1_B3,Dy06,ALL,not_in_promega_csv
BA4_96_1_B4,Dy06,ALL,not_in_promega_csv
BA4_96_1_B5,Dy06,ALL,not_in_promega_csv
BA4_96_1_B6,Dy06,ALL,not_in_promega_csv
BA4_96_1_B7,Dy06,ALL,not_in_promega_csv
BA4_96_1_B8,Dy06,ALL,not_in_promega_csv
BA4_96_1_B9,Dy06,ALL,not_in_promega_csv
BA4_96_1_C1,Dy06,ALL,not_in_promega_csv
BA4_96_1_C10,Dy06,ALL,not_in_promega_csv
BA4_96_1_C11,Dy06,ALL,not_in_promega_csv
BA4_96_1_C12,Dy06,ALL,not_in_promega_csv
BA4_96_1_C2,Dy06,ALL,not_in_promega_csv
BA4_96_1_C3,Dy06,ALL,not_in_promega_csv
BA4_96_1_C4,Dy06,ALL,not_in_promega_csv
BA4_96_1_C5,Dy06,ALL,not_in_promega_csv
BA4_96_1_C6,Dy06,ALL,not_in_promega_csv
BA4_96_1_C7,Dy06,ALL,not_in_promega_csv
BA4_96_1_C8,Dy06,ALL,not_in_promega_csv
BA4_96_1_C9,Dy06,ALL,not_in_promega_csv
BA4_96_1_D1,Dy06,ALL,not_in_promega_csv
BA4_96_1_D10,Dy06,ALL,not_in_promega_csv
BA4_96_1_D11,Dy06,ALL,not_in_promega_csv
BA4_96_1_D12,Dy06,ALL,not_in_promega_csv
BA4_96_1_D2,Dy06,ALL,not_in_promega_csv
BA4_96_1_D3,Dy06,ALL,not_in_promega_csv
BA4_96_1_D4,Dy06,ALL,not_in_promega_csv
BA4_96_1_D5,Dy06,ALL,not_in_promega_csv
BA4_96_1_D6,Dy06,ALL,not_in_promega_csv
BA4_96_1_D7,Dy06,ALL,not_in_promega_csv
BA4_96_1_D8,Dy06,ALL,not_in_promega_csv
BA4_96_1_D9,Dy06,ALL,not_in_promega_csv
BA4_96_1_E1,Dy06,ALL,not_in_promega_csv
BA4_96_1_E10,Dy06,ALL,not_in_promega_csv
BA4_96_1_E11,Dy06,ALL,not_in_promega_csv
BA4_96_1_E12,Dy06,ALL,not_in_promega_csv
BA4_96_1_E2,Dy06,ALL,not_in_promega_csv
BA4_96_1_E3,Dy06,ALL,not_in_promega_csv
BA4_96_1_E4,Dy06,ALL,not_in_promega_csv
BA4_96_1_E5,Dy06,ALL,not_in_promega_csv
BA4_96_1_E6,Dy06,ALL,not_in_promega_csv
BA4_96_1_E7,Dy06,ALL,not_in_promega_csv
BA4_96_1_E8,Dy06,ALL,not_in_promega_csv
BA4_96_1_E9,Dy06,ALL,not_in_promega_csv
BA4_96_1_F1,Dy06,ALL,not_in_promega_csv
BA4_96_1_F10,Dy06,ALL,not_in_promega_csv
BA4_96_1_F11,Dy06,ALL,not_in_promega_csv
BA4_96_1_F12,Dy06,ALL,not_in_promega_csv
BA4_96_1_F2,Dy06,ALL,not_in_promega_csv
BA4_96_1_F3,Dy06,ALL,not_in_promega_csv
BA4_96_1_F4,Dy06,ALL,not_in_promega_csv
BA4_96_1_F5,Dy06,ALL,not_in_promega_csv
BA4_96_1_F6,Dy06,ALL,not_in_promega_csv
BA4_96_1_F7,Dy06,ALL,not_in_promega_csv
BA4_96_1_F8,Dy06,ALL,not_in_promega_csv
BA4_96_1_F9,Dy06,ALL,not_in_promega_csv
BA4_96_1_G1,Dy06,ALL,not_in_promega_csv
BA4_96_1_G10,Dy06,ALL,not_in_promega_csv
BA4_96_1_G11,Dy06,ALL,not_in_promega_csv
BA4_96_1_G12,Dy06,ALL,not_in_promega_csv
BA4_96_1_G2,Dy06,ALL,not_in_promega_csv
BA4_96_1_G3,Dy06,ALL,not_in_promega_csv
BA4_96_1_G4,Dy06,ALL,not_in_promega_csv
BA4_96_1_G5,Dy06,ALL,not_in_promega_csv
BA4_96_1_G6,Dy06,ALL,not_in_promega_csv
BA4_96_1_G7,Dy06,ALL,not_in_promega_csv
BA4_96_1_G8,Dy06,ALL,not_in_promega_csv
BA4_96_1_G9,Dy06,ALL,not_in_promega_csv
BA4_96_1_H1,Dy06,ALL,not_in_promega_csv
BA4_96_1_H10,Dy06,ALL,not_in_promega_csv
BA4_96_1_H11,Dy06,ALL,not_in_promega_csv
BA4_96_1_H12,Dy06,ALL,not_in_promega_csv
BA4_96_1_H2,Dy06,ALL,not_in_promega_csv
BA4_96_1_H3,Dy06,ALL,not_in_promega_csv
BA4_96_1_H4,Dy06,ALL,not_in_promega_csv
BA4_96_1_H5,Dy06,ALL,not_in_promega_csv
BA4_96_1_H6,Dy06,ALL,not_in_promega_csv
BA4_96_1_H7,Dy06,ALL,not_in_promega_csv
BA4_96_1_H8,Dy06,ALL,not_in_promega_csv
BA4_96_1_H9,Dy06,ALL,not_in_promega_csv
BA4_96_1_A1,Dy08,ALL,not_in_promega_csv
BA4_96_1_A10,Dy08,ALL,not_in_promega_csv
BA4_96_1_A11,Dy08,ALL,not_in_promega_csv
BA4_96_1_A12,Dy08,ALL,not_in_promega_csv
BA4_96_1_A2,Dy08,ALL,not_in_promega_csv
BA4_96_1_A3,Dy08,ALL,not_in_promega_csv
BA4_96_1_A4,Dy08,ALL,not_in_promega_csv
BA4_96_1_A5,Dy08,ALL,not_in_promega_csv
BA4_96_1_A6,Dy08,ALL,not_in_promega_csv
BA4_96_1_A7,Dy08,ALL,not_in_promega_csv
BA4_96_1_A8,Dy08,ALL,not_in_promega_csv
BA4_96_1_A9,Dy08,ALL,not_in_promega_csv
BA4_96_1_B1,Dy08,ALL,not_in_promega_csv
BA4_96_1_B10,Dy08,ALL,not_in_promega_csv
BA4_96_1_B11,Dy08,ALL,not_in_promega_csv
BA4_96_1_B12,Dy08,ALL,not_in_promega_csv
BA4_96_1_B2,Dy08,ALL,not_in_promega_csv
BA4_96_1_B3,Dy08,ALL,not_in_promega_csv
BA4_96_1_B4,Dy08,ALL,not_in_promega_csv
BA4_96_1_B5,Dy08,ALL,not_in_promega_csv
BA4_96_1_B6,Dy08,ALL,not_in_promega_csv
BA4_96_1_B7,Dy08,ALL,not_in_promega_csv
BA4_96_1_B8,Dy08,ALL,not_in_promega_csv
BA4_96_1_B9,Dy08,ALL,not_in_promega_csv
BA4_96_1_C1,Dy08,ALL,not_in_promega_csv
BA4_96_1_C10,Dy08,ALL,not_in_promega_csv
BA4_96_1_C11,Dy08,ALL,not_in_promega_csv
BA4_96_1_C12,Dy08,ALL,not_in_promega_csv
BA4_96_1_C2,Dy08,ALL,not_in_promega_csv
BA4_96_1_C3,Dy08,ALL,not_in_promega_csv
BA4_96_1_C4,Dy08,ALL,not_in_promega_csv
BA4_96_1_C5,Dy08,ALL,not_in_promega_csv
BA4_96_1_C6,Dy08,ALL,not_in_promega_csv
BA4_96_1_C7,Dy08,ALL,not_in_promega_csv
BA4_96_1_C8,Dy08,ALL,not_in_promega_csv
BA4_96_1_C9,Dy08,ALL,not_in_promega_csv
BA4_96_1_D1,Dy08,ALL,not_in_promega_csv
BA4_96_1_D10,Dy08,ALL,not_in_promega_csv
BA4_96_1_D11,Dy08,ALL,not_in_promega_csv
BA4_96_1_D12,Dy08,ALL,not_in_promega_csv
BA4_96_1_D2,Dy08,ALL,not_in_promega_csv
BA4_96_1_D3,Dy08,ALL,not_in_promega_csv
BA4_96_1_D4,Dy08,ALL,not_in_promega_csv
BA4_96_1_D5,Dy08,ALL,not_in_promega_csv
BA4_96_1_D6,Dy08,ALL,not_in_promega_csv
BA4_96_1_D7,Dy08,ALL,not_in_promega_csv
BA4_96_1_D8,Dy08,ALL,not_in_promega_csv
BA4_96_1_D9,Dy08,ALL,not_in_promega_csv
BA4_96_1_E1,Dy08,ALL,not_in_promega_csv
BA4_96_1_E10,Dy08,ALL,not_in_promega_csv
BA4_96_1_E11,Dy08,ALL,not_in_promega_csv
BA4_96_1_E12,Dy08,ALL,not_in_promega_csv
BA4_96_1_E2,Dy08,ALL,not_in_promega_csv
BA4_96_1_E3,Dy08,ALL,not_in_promega_csv
BA4_96_1_E4,Dy08,ALL,not_in_promega_csv
BA4_96_1_E5,Dy08,ALL,not_in_promega_csv
BA4_96_1_E6,Dy08,ALL,not_in_promega_csv
BA4_96_1_E7,Dy08,ALL,not_in_promega_csv
BA4_96_1_E8,Dy08,ALL,not_in_promega_csv
BA4_96_1_E9,Dy08,ALL,not_in_promega_csv
BA4_96_1_F1,Dy08,ALL,not_in_promega_csv
BA4_96_1_F10,Dy08,ALL,not_in_promega_csv
BA4_96_1_F11,Dy08,ALL,not_in_promega_csv
BA4_96_1_F12,Dy08,ALL,not_in_promega_csv
BA4_96_1_F2,Dy08,ALL,not_in_promega_csv
BA4_96_1_F3,Dy08,ALL,not_in_promega_csv
BA4_96_1_F4,Dy08,ALL,not_in_promega_csv
BA4_96_1_F5,Dy08,ALL,not_in_promega_csv
BA4_96_1_F6,Dy08,ALL,not_in_promega_csv
BA4_96_1_F7,Dy08,ALL,not_in_promega_csv
BA4_96_1_F8,Dy08,ALL,not_in_promega_csv
BA4_96_1_F9,Dy08,ALL,not_in_promega_csv
BA4_96_1_G1,Dy08,ALL,not_in_promega_csv
BA4_96_1_G10,Dy08,ALL,not_in_promega_csv
BA4_96_1_G11,Dy08,ALL,not_in_promega_csv
BA4_96_1_G12,Dy08,ALL,not_in_promega_csv
BA4_96_1_G2,Dy08,ALL,not_in_promega_csv
BA4_96_1_G3,Dy08,ALL,not_in_promega_csv
BA4_96_1_G4,Dy08,ALL,not_in_promega_csv
BA4_96_1_G5,Dy08,ALL,not_in_promega_csv
BA4_96_1_G6,Dy08,ALL,not_in_promega_csv
BA4_96_1_G7,Dy08,ALL,not_in_promega_csv
BA4_96_1_G8,Dy08,ALL,not_in_promega_csv
BA4_96_1_G9,Dy08,ALL,not_in_promega_csv
BA4_96_1_H1,Dy08,ALL,not_in_promega_csv
BA4_96_1_H10,Dy08,ALL,not_in_promega_csv
BA4_96_1_H11,Dy08,ALL,not_in_promega_csv
BA4_96_1_H12,Dy08,ALL,not_in_promega_csv
BA4_96_1_H2,Dy08,ALL,not_in_promega_csv
BA4_96_1_H3,Dy08,ALL,not_in_promega_csv
BA4_96_1_H4,Dy08,ALL,not_in_promega_csv
BA4_96_1_H5,Dy08,ALL,not_in_promega_csv
BA4_96_1_H6,Dy08,ALL,not_in_promega_csv
BA4_96_1_H7,Dy08,ALL,not_in_promega_csv
BA4_96_1_H8,Dy08,ALL,not_in_promega_csv
BA4_96_1_H9,Dy08,ALL,not_in_promega_csv
BA4_96_1_A1,Dy10,ALL,not_in_promega_csv
BA4_96_1_A10,Dy10,ALL,not_in_promega_csv
BA4_96_1_A11,Dy10,ALL,not_in_promega_csv
BA4_96_1_A12,Dy10,ALL,not_in_promega_csv
BA4_96_1_A2,Dy10,ALL,not_in_promega_csv
BA4_96_1_A3,Dy10,ALL,not_in_promega_csv
BA4_96_1_A4,Dy10,ALL,not_in_promega_csv
BA4_96_1_A5,Dy10,ALL,not_in_promega_csv
BA4_96_1_A6,Dy10,ALL,not_in_promega_csv
BA4_96_1_A7,Dy10,ALL,not_in_promega_csv
BA4_96_1_A8,Dy10,ALL,not_in_promega_csv
BA4_96_1_A9,Dy10,ALL,not_in_promega_csv
BA4_96_1_B1,Dy10,ALL,not_in_promega_csv
BA4_96_1_B10,Dy10,ALL,not_in_promega_csv
BA4_96_1_B11,Dy10,ALL,not_in_promega_csv
BA4_96_1_B12,Dy10,ALL,not_in_promega_csv
BA4_96_1_B2,Dy10,ALL,not_in_promega_csv
BA4_96_1_B3,Dy10,ALL,not_in_promega_csv
BA4_96_1_B4,Dy10,ALL,not_in_promega_csv
BA4_96_1_B5,Dy10,ALL,not_in_promega_csv
BA4_96_1_B6,Dy10,ALL,not_in_promega_csv
BA4_96_1_B7,Dy10,ALL,not_in_promega_csv
BA4_96_1_B8,Dy10,ALL,not_in_promega_csv
BA4_96_1_B9,Dy10,ALL,not_in_promega_csv
BA4_96_1_C1,Dy10,ALL,not_in_promega_csv
BA4_96_1_C10,Dy10,ALL,not_in_promega_csv
BA4_96_1_C11,Dy10,ALL,not_in_promega_csv
BA4_96_1_C12,Dy10,ALL,not_in_promega_csv
BA4_96_1_C2,Dy10,ALL,not_in_promega_csv
BA4_96_1_C3,Dy10,ALL,not_in_promega_csv
BA4_96_1_C4,Dy10,ALL,not_in_promega_csv
BA4_96_1_C5,Dy10,ALL,not_in_promega_csv
BA4_96_1_C6,Dy10,ALL,not_in_promega_csv
BA4_96_1_C7,Dy10,ALL,not_in_promega_csv
BA4_96_1_C8,Dy10,ALL,not_in_promega_csv
BA4_96_1_C9,Dy10,ALL,not_in_promega_csv
BA4_96_1_D1,Dy10,ALL,not_in_promega_csv
BA4_96_1_D10,Dy10,ALL,not_in_promega_csv
BA4_96_1_D11,Dy10,ALL,not_in_promega_csv
BA4_96_1_D12,Dy10,ALL,not_in_promega_csv
BA4_96_1_D2,Dy10,ALL,not_in_promega_csv
BA4_96_1_D3,Dy10,ALL,not_in_promega_csv
BA4_96_1_D4,Dy10,ALL,not_in_promega_csv
BA4_96_1_D5,Dy10,ALL,not_in_promega_csv
BA4_96_1_D6,Dy10,ALL,not_in_promega_csv
BA4_96_1_D7,Dy10,ALL,not_in_promega_csv
BA4_96_1_D8,Dy10,ALL,not_in_promega_csv
BA4_96_1_D9,Dy10,ALL,not_in_promega_csv
BA4_96_1_E1,Dy10,ALL,not_in_promega_csv
BA4_96_1_E10,Dy10,ALL,not_in_promega_csv
BA4_96_1_E11,Dy10,ALL,not_in_promega_csv
BA4_96_1_E12,Dy10,ALL,not_in_promega_csv
BA4_96_1_E2,Dy10,ALL,not_in_promega_csv
BA4_96_1_E3,Dy10,ALL,not_in_promega_csv
BA4_96_1_E4,Dy10,ALL,not_in_promega_csv
BA4_96_1_E5,Dy10,ALL,not_in_promega_csv
BA4_96_1_E6,Dy10,ALL,not_in_promega_csv
BA4_96_1_E7,Dy10,ALL,not_in_promega_csv
BA4_96_1_E8,Dy10,ALL,not_in_promega_csv
BA4_96_1_E9,Dy10,ALL,not_in_promega_csv
BA4_96_1_F1,Dy10,ALL,not_in_promega_csv
BA4_96_1_F10,Dy10,ALL,not_in_promega_csv
BA4_96_1_F11,Dy10,ALL,not_in_promega_csv
BA4_96_1_F12,Dy10,ALL,not_in_promega_csv
BA4_96_1_F2,Dy10,ALL,not_in_promega_csv
BA4_96_1_F3,Dy10,ALL,not_in_promega_csv
BA4_96_1_F4,Dy10,ALL,not_in_promega_csv
BA4_96_1_F5,Dy10,ALL,not_in_promega_csv
BA4_96_1_F6,Dy10,ALL,not_in_promega_csv
BA4_96_1_F7,Dy10,ALL,not_in_promega_csv
BA4_96_1_F8,Dy10,ALL,not_in_promega_csv
BA4_96_1_F9,Dy10,ALL,not_in_promega_csv
BA4_96_1_G1,Dy10,ALL,not_in_promega_csv
BA4_96_1_G10,Dy10,ALL,not_in_promega_csv
BA4_96_1_G11,Dy10,ALL,not_in_promega_csv
BA4_96_1_G12,Dy10,ALL,not_in_promega_csv
BA4_96_1_G2,Dy10,ALL,not_in_promega_csv
BA4_96_1_G3,Dy10,ALL,not_in_promega_csv
BA4_96_1_G4,Dy10,ALL,not_in_promega_csv
BA4_96_1_G5,Dy10,ALL,not_in_promega_csv
BA4_96_1_G6,Dy10,ALL,not_in_promega_csv
BA4_96_1_G7,Dy10,ALL,not_in_promega_csv
BA4_96_1_G8,Dy10,ALL,not_in_promega_csv
BA4_96_1_G9,Dy10,ALL,not_in_promega_csv
BA4_96_1_H1,Dy10,ALL,not_in_promega_csv
BA4_96_1_H10,Dy10,ALL,not_in_promega_csv
BA4_96_1_H11,Dy10,ALL,not_in_promega_csv
BA4_96_1_H12,Dy10,ALL,not_in_promega_csv
BA4_96_1_H2,Dy10,ALL,not_in_promega_csv
BA4_96_1_H3,Dy10,ALL,not_in_promega_csv
BA4_96_1_H4,Dy10,ALL,not_in_promega_csv
BA4_96_1_H5,Dy10,ALL,not_in_promega_csv
BA4_96_1_H6,Dy10,ALL,not_in_promega_csv
BA4_96_1_H7,Dy10,ALL,not_in_promega_csv
BA4_96_1_H8,Dy10,ALL,not_in_promega_csv
BA4_96_1_H9,Dy10,ALL,not_in_promega_csv
BA4_96_1_A1,Dy13,ALL,not_in_promega_csv
BA4_96_1_A10,Dy13,ALL,not_in_promega_csv
BA4_96_1_A11,Dy13,ALL,not_in_promega_csv
BA4_96_1_A12,Dy13,ALL,not_in_promega_csv
BA4_96_1_A2,Dy13,ALL,not_in_promega_csv
BA4_96_1_A3,Dy13,ALL,not_in_promega_csv
BA4_96_1_A4,Dy13,ALL,not_in_promega_csv
BA4_96_1_A5,Dy13,ALL,not_in_promega_csv
BA4_96_1_A6,Dy13,ALL,not_in_promega_csv
BA4_96_1_A7,Dy13,ALL,not_in_promega_csv
BA4_96_1_A8,Dy13,ALL,not_in_promega_csv
BA4_96_1_A9,Dy13,ALL,not_in_promega_csv
BA4_96_1_B1,Dy13,ALL,not_in_promega_csv
BA4_96_1_B10,Dy13,ALL,not_in_promega_csv
BA4_96_1_B11,Dy13,ALL,not_in_promega_csv
BA4_96_1_B12,Dy13,ALL,not_in_promega_csv
BA4_96_1_B2,Dy13,ALL,not_in_promega_csv
BA4_96_1_B3,Dy13,ALL,not_in_promega_csv
BA4_96_1_B4,Dy13,ALL,not_in_promega_csv
BA4_96_1_B5,Dy13,ALL,not_in_promega_csv
BA4_96_1_B6,Dy13,ALL,not_in_promega_csv
BA4_96_1_B7,Dy13,ALL,not_in_promega_csv
BA4_96_1_B8,Dy13,ALL,not_in_promega_csv
BA4_96_1_B9,Dy13,ALL,not_in_promega_csv
BA4_96_1_C1,Dy13,ALL,not_in_promega_csv
BA4_96_1_C10,Dy13,ALL,not_in_promega_csv
BA4_96_1_C11,Dy13,ALL,not_in_promega_csv
BA4_96_1_C12,Dy13,ALL,not_in_promega_csv
BA4_96_1_C2,Dy13,ALL,not_in_promega_csv
BA4_96_1_C3,Dy13,ALL,not_in_promega_csv
BA4_96_1_C4,Dy13,ALL,not_in_promega_csv
BA4_96_1_C5,Dy13,ALL,not_in_promega_csv
BA4_96_1_C6,Dy13,ALL,not_in_promega_csv
BA4_96_1_C7,Dy13,ALL,not_in_promega_csv
BA4_96_1_C8,Dy13,ALL,not_in_promega_csv
BA4_96_1_C9,Dy13,ALL,not_in_promega_csv
BA4_96_1_D1,Dy13,ALL,not_in_promega_csv
BA4_96_1_D10,Dy13,ALL,not_in_promega_csv
BA4_96_1_D11,Dy13,ALL,not_in_promega_csv
BA4_96_1_D12,Dy13,ALL,not_in_promega_csv
BA4_96_1_D2,Dy13,ALL,not_in_promega_csv
BA4_96_1_D3,Dy13,ALL,not_in_promega_csv
BA4_96_1_D4,Dy13,ALL,not_in_promega_csv
BA4_96_1_D5,Dy13,ALL,not_in_promega_csv
BA4_96_1_D6,Dy13,ALL,not_in_promega_csv
BA4_96_1_D7,Dy13,ALL,not_in_promega_csv
BA4_96_1_D8,Dy13,ALL,not_in_promega_csv
BA4_96_1_D9,Dy13,ALL,not_in_promega_csv
BA4_96_1_E1,Dy13,ALL,not_in_promega_csv
BA4_96_1_E10,Dy13,ALL,not_in_promega_csv
BA4_96_1_E11,Dy13,ALL,not_in_promega_csv
BA4_96_1_E12,Dy13,ALL,not_in_promega_csv
BA4_96_1_E2,Dy13,ALL,not_in_promega_csv
BA4_96_1_E3,Dy13,ALL,not_in_promega_csv
BA4_96_1_E4,Dy13,ALL,not_in_promega_csv
BA4_96_1_E5,Dy13,ALL,not_in_promega_csv
BA4_96_1_E6,Dy13,ALL,not_in_promega_csv
BA4_96_1_E7,Dy13,ALL,not_in_promega_csv
BA4_96_1_E8,Dy13,ALL,not_in_promega_csv
BA4_96_1_E9,Dy13,ALL,not_in_promega_csv
BA4_96_1_F1,Dy13,ALL,not_in_promega_csv
BA4_96_1_F10,Dy13,ALL,not_in_promega_csv
BA4_96_1_F11,Dy13,ALL,not_in_promega_csv
BA4_96_1_F12,Dy13,ALL,not_in_promega_csv
BA4_96_1_F2,Dy13,ALL,not_in_promega_csv
BA4_96_1_F3,Dy13,ALL,not_in_promega_csv
BA4_96_1_F4,Dy13,ALL,not_in_promega_csv
BA4_96_1_F5,Dy13,ALL,not_in_promega_csv
BA4_96_1_F6,Dy13,ALL,not_in_promega_csv
BA4_96_1_F7,Dy13,ALL,not_in_promega_csv
BA4_96_1_F8,Dy13,ALL,not_in_promega_csv
BA4_96_1_F9,Dy13,ALL,not_in_promega_csv
BA4_96_1_G1,Dy13,ALL,not_in_promega_csv
BA4_96_1_G10,Dy13,ALL,not_in_promega_csv
BA4_96_1_G11,Dy13,ALL,not_in_promega_csv
BA4_96_1_G12,Dy13,ALL,not_in_promega_csv
BA4_96_1_G2,Dy13,ALL,not_in_promega_csv
BA4_96_1_G3,Dy13,ALL,not_in_promega_csv
BA4_96_1_G4,Dy13,ALL,not_in_promega_csv
BA4_96_1_G5,Dy13,ALL,not_in_promega_csv
BA4_96_1_G6,Dy13,ALL,not_in_promega_csv
BA4_96_1_G7,Dy13,ALL,not_in_promega_csv
BA4_96_1_G8,Dy13,ALL,not_in_promega_csv
BA4_96_1_G9,Dy13,ALL,not_in_promega_csv
BA4_96_1_H1,Dy13,ALL,not_in_promega_csv
BA4_96_1_H10,Dy13,ALL,not_in_promega_csv
BA4_96_1_H11,Dy13,ALL,not_in_promega_csv
BA4_96_1_H12,Dy13,ALL,not_in_promega_csv
BA4_96_1_H2,Dy13,ALL,not_in_promega_csv
BA4_96_1_H3,Dy13,ALL,not_in_promega_csv
BA4_96_1_H4,Dy13,ALL,not_in_promega_csv
BA4_96_1_H5,Dy13,ALL,not_in_promega_csv
BA4_96_1_H6,Dy13,ALL,not_in_promega_csv
BA4_96_1_H7,Dy13,ALL,not_in_promega_csv
BA4_96_1_H8,Dy13,ALL,not_in_promega_csv
BA4_96_1_H9,Dy13,ALL,not_in_promega_csv
BA4_96_1_A1,Dy15,ALL,not_in_promega_csv
BA4_96_1_A10,Dy15,ALL,not_in_promega_csv
BA4_96_1_A11,Dy15,ALL,not_in_promega_csv
BA4_96_1_A12,Dy15,ALL,not_in_promega_csv
BA4_96_1_A2,Dy15,ALL,not_in_promega_csv
BA4_96_1_A3,Dy15,ALL,not_in_promega_csv
BA4_96_1_A4,Dy15,ALL,not_in_promega_csv
BA4_96_1_A5,Dy15,ALL,not_in_promega_csv
BA4_96_1_A6,Dy15,ALL,not_in_promega_csv
BA4_96_1_A7,Dy15,ALL,not_in_promega_csv
BA4_96_1_A8,Dy15,ALL,not_in_promega_csv
BA4_96_1_A9,Dy15,ALL,not_in_promega_csv
BA4_96_1_B1,Dy15,ALL,not_in_promega_csv
BA4_96_1_B10,Dy15,ALL,not_in_promega_csv
BA4_96_1_B11,Dy15,ALL,not_in_promega_csv
BA4_96_1_B12,Dy15,ALL,not_in_promega_csv
BA4_96_1_B2,Dy15,ALL,not_in_promega_csv
BA4_96_1_B3,Dy15,ALL,not_in_promega_csv
BA4_96_1_B4,Dy15,ALL,not_in_promega_csv
BA4_96_1_B5,Dy15,ALL,not_in_promega_csv
BA4_96_1_B6,Dy15,ALL,not_in_promega_csv
BA4_96_1_B7,Dy15,ALL,not_in_promega_csv
BA4_96_1_B8,Dy15,ALL,not_in_promega_csv
BA4_96_1_B9,Dy15,ALL,not_in_promega_csv
BA4_96_1_C1,Dy15,ALL,not_in_promega_csv
BA4_96_1_C10,Dy15,ALL,not_in_promega_csv
BA4_96_1_C11,Dy15,ALL,not_in_promega_csv
BA4_96_1_C12,Dy15,ALL,not_in_promega_csv
BA4_96_1_C2,Dy15,ALL,not_in_promega_csv
BA4_96_1_C3,Dy15,ALL,not_in_promega_csv
BA4_96_1_C4,Dy15,ALL,not_in_promega_csv
BA4_96_1_C5,Dy15,ALL,not_in_promega_csv
BA4_96_1_C6,Dy15,ALL,not_in_promega_csv
BA4_96_1_C7,Dy15,ALL,not_in_promega_csv
BA4_96_1_C8,Dy15,ALL,not_in_promega_csv
BA4_96_1_C9,Dy15,ALL,not_in_promega_csv
BA4_96_1_D1,Dy15,ALL,not_in_promega_csv
BA4_96_1_D10,Dy15,ALL,not_in_promega_csv
BA4_96_1_D11,Dy15,ALL,not_in_promega_csv
BA4_96_1_D12,Dy15,ALL,not_in_promega_csv
BA4_96_1_D2,Dy15,ALL,not_in_promega_csv
BA4_96_1_D3,Dy15,ALL,not_in_promega_csv
BA4_96_1_D4,Dy15,ALL,not_in_promega_csv
BA4_96_1_D5,Dy15,ALL,not_in_promega_csv
BA4_96_1_D6,Dy15,ALL,not_in_promega_csv
BA4_96_1_D7,Dy15,ALL,not_in_promega_csv
BA4_96_1_D8,Dy15,ALL,not_in_promega_csv
BA4_96_1_D9,Dy15,ALL,not_in_promega_csv
BA4_96_1_E1,Dy15,ALL,not_in_promega_csv
BA4_96_1_E10,Dy15,ALL,not_in_promega_csv
BA4_96_1_E11,Dy15,ALL,not_in_promega_csv
BA4_96_1_E12,Dy15,ALL,not_in_promega_csv
BA4_96_1_E2,Dy15,ALL,not_in_promega_csv
BA4_96_1_E3,Dy15,ALL,not_in_promega_csv
BA4_96_1_E4,Dy15,ALL,not_in_promega_csv
BA4_96_1_E5,Dy15,ALL,not_in_promega_csv
BA4_96_1_E6,Dy15,ALL,not_in_promega_csv
BA4_96_1_E7,Dy15,ALL,not_in_promega_csv
BA4_96_1_E8,Dy15,ALL,not_in_promega_csv
BA4_96_1_E9,Dy15,ALL,not_in_promega_csv
BA4_96_1_F1,Dy15,ALL,not_in_promega_csv
BA4_96_1_F10,Dy15,ALL,not_in_promega_csv
BA4_96_1_F11,Dy15,ALL,not_in_promega_csv
BA4_96_1_F12,Dy15,ALL,not_in_promega_csv
BA4_96_1_F2,Dy15,ALL,not_in_promega_csv
BA4_96_1_F3,Dy15,ALL,not_in_promega_csv
BA4_96_1_F4,Dy15,ALL,not_in_promega_csv
BA4_96_1_F5,Dy15,ALL,not_in_promega_csv
BA4_96_1_F6,Dy15,ALL,not_in_promega_csv
BA4_96_1_F7,Dy15,ALL,not_in_promega_csv
BA4_96_1_F8,Dy15,ALL,not_in_promega_csv
BA4_96_1_F9,Dy15,ALL,not_in_promega_csv
BA4_96_1_G1,Dy15,ALL,not_in_promega_csv
BA4_96_1_G10,Dy15,ALL,not_in_promega_csv
BA4_96_1_G11,Dy15,ALL,not_in_promega_csv
BA4_96_1_G12,Dy15,ALL,not_in_promega_csv
BA4_96_1_G2,Dy15,ALL,not_in_promega_csv
BA4_96_1_G3,Dy15,ALL,not_in_promega_csv
BA4_96_1_G4,Dy15,ALL,not_in_promega_csv
BA4_96_1_G5,Dy15,ALL,not_in_promega_csv
BA4_96_1_G6,Dy15,ALL,not_in_promega_csv
BA4_96_1_G7,Dy15,ALL,not_in_promega_csv
BA4_96_1_G8,Dy15,ALL,not_in_promega_csv
BA4_96_1_G9,Dy15,ALL,not_in_promega_csv
BA4_96_1_H1,Dy15,ALL,not_in_promega_csv
BA4_96_1_H10,Dy15,ALL,not_in_promega_csv
BA4_96_1_H11,Dy15,ALL,not_in_promega_csv
BA4_96_1_H12,Dy15,ALL,not_in_promega_csv
BA4_96_1_H2,Dy15,ALL,not_in_promega_csv
BA4_96_1_H3,Dy15,ALL,not_in_promega_csv
BA4_96_1_H4,Dy15,ALL,not_in_promega_csv
BA4_96_1_H5,Dy15,ALL,not_in_promega_csv
BA4_96_1_H6,Dy15,ALL,not_in_promega_csv
BA4_96_1_H7,Dy15,ALL,not_in_promega_csv
BA4_96_1_H8,Dy15,ALL,not_in_promega_csv
BA4_96_1_H9,Dy15,ALL,not_in_promega_csv
BA4_96_1_A1,Dy17,ALL,not_in_promega_csv
BA4_96_1_A10,Dy17,ALL,not_in_promega_csv
BA4_96_1_A11,Dy17,ALL,not_in_promega_csv
BA4_96_1_A12,Dy17,ALL,not_in_promega_csv
BA4_96_1_A2,Dy17,ALL,not_in_promega_csv
BA4_96_1_A3,Dy17,ALL,not_in_promega_csv
BA4_96_1_A4,Dy17,ALL,not_in_promega_csv
BA4_96_1_A5,Dy17,ALL,not_in_promega_csv
BA4_96_1_A6,Dy17,ALL,not_in_promega_csv
BA4_96_1_A7,Dy17,ALL,not_in_promega_csv
BA4_96_1_A8,Dy17,ALL,not_in_promega_csv
BA4_96_1_A9,Dy17,ALL,not_in_promega_csv
BA4_96_1_B1,Dy17,ALL,not_in_promega_csv
BA4_96_1_B10,Dy17,ALL,not_in_promega_csv
BA4_96_1_B11,Dy17,ALL,not_in_promega_csv
BA4_96_1_B12,Dy17,ALL,not_in_promega_csv
BA4_96_1_B2,Dy17,ALL,not_in_promega_csv
BA4_96_1_B3,Dy17,ALL,not_in_promega_csv
BA4_96_1_B4,Dy17,ALL,not_in_promega_csv
BA4_96_1_B5,Dy17,ALL,not_in_promega_csv
BA4_96_1_B6,Dy17,ALL,not_in_promega_csv
BA4_96_1_B7,Dy17,ALL,not_in_promega_csv
BA4_96_1_B8,Dy17,ALL,not_in_promega_csv
BA4_96_1_B9,Dy17,ALL,not_in_promega_csv
BA4_96_1_C1,Dy17,ALL,not_in_promega_csv
BA4_96_1_C10,Dy17,ALL,not_in_promega_csv
BA4_96_1_C11,Dy17,ALL,not_in_promega_csv
BA4_96_1_C12,Dy17,ALL,not_in_promega_csv
BA4_96_1_C12,Dy17,ALL,not_in_promega_csv
BA4_96_1_C2,Dy17,ALL,not_in_promega_csv
BA4_96_1_C3,Dy17,ALL,not_in_promega_csv
BA4_96_1_C4,Dy17,ALL,not_in_promega_csv
BA4_96_1_C5,Dy17,ALL,not_in_promega_csv
BA4_96_1_C6,Dy17,ALL,not_in_promega_csv
BA4_96_1_C7,Dy17,ALL,not_in_promega_csv
BA4_96_1_C8,Dy17,ALL,not_in_promega_csv
BA4_96_1_C9,Dy17,ALL,not_in_promega_csv
BA4_96_1_D1,Dy17,ALL,not_in_promega_csv
BA4_96_1_D10,Dy17,ALL,not_in_promega_csv
BA4_96_1_D11,Dy17,ALL,not_in_promega_csv
BA4_96_1_D12,Dy17,ALL,not_in_promega_csv
BA4_96_1_D2,Dy17,ALL,not_in_promega_csv
BA4_96_1_D3,Dy17,ALL,not_in_promega_csv
BA4_96_1_D4,Dy17,ALL,not_in_promega_csv
BA4_96_1_D5,Dy17,ALL,not_in_promega_csv
BA4_96_1_D6,Dy17,ALL,not_in_promega_csv
BA4_96_1_D7,Dy17,ALL,not_in_promega_csv
BA4_96_1_D8,Dy17,ALL,not_in_promega_csv
BA4_96_1_D9,Dy17,ALL,not_in_promega_csv
BA4_96_1_E1,Dy17,ALL,not_in_promega_csv
BA4_96_1_E10,Dy17,ALL,not_in_promega_csv
BA4_96_1_E11,Dy17,ALL,not_in_promega_csv
BA4_96_1_E12,Dy17,ALL,not_in_promega_csv
BA4_96_1_E2,Dy17,ALL,not_in_promega_csv
BA4_96_1_E3,Dy17,ALL,not_in_promega_csv
BA4_96_1_E4,Dy17,ALL,not_in_promega_csv
BA4_96_1_E5,Dy17,ALL,not_in_promega_csv
BA4_96_1_E6,Dy17,ALL,not_in_promega_csv
BA4_96_1_E7,Dy17,ALL,not_in_promega_csv
BA4_96_1_E8,Dy17,ALL,not_in_promega_csv
BA4_96_1_E9,Dy17,ALL,not_in_promega_csv
BA4_96_1_F1,Dy17,ALL,not_in_promega_csv
BA4_96_1_F10,Dy17,ALL,not_in_promega_csv
BA4_96_1_F11,Dy17,ALL,not_in_promega_csv
BA4_96_1_F12,Dy17,ALL,not_in_promega_csv
BA4_96_1_F2,Dy17,ALL,not_in_promega_csv
BA4_96_1_F3,Dy17,ALL,not_in_promega_csv
BA4_96_1_F4,Dy17,ALL,not_in_promega_csv
BA4_96_1_F5,Dy17,ALL,not_in_promega_csv
BA4_96_1_F6,Dy17,ALL,not_in_promega_csv
BA4_96_1_F7,Dy17,ALL,not_in_promega_csv
BA4_96_1_F8,Dy17,ALL,not_in_promega_csv
BA4_96_1_F9,Dy17,ALL,not_in_promega_csv
BA4_96_1_G1,Dy17,ALL,not_in_promega_csv
BA4_96_1_G10,Dy17,ALL,not_in_promega_csv
BA4_96_1_G11,Dy17,ALL,not_in_promega_csv
BA4_96_1_G12,Dy17,ALL,not_in_promega_csv
BA4_96_1_G2,Dy17,ALL,not_in_promega_csv
BA4_96_1_G3,Dy17,ALL,not_in_promega_csv
BA4_96_1_G4,Dy17,ALL,not_in_promega_csv
BA4_96_1_G5,Dy17,ALL,not_in_promega_csv
BA4_96_1_G6,Dy17,ALL,not_in_promega_csv
BA4_96_1_G7,Dy17,ALL,not_in_promega_csv
BA4_96_1_G8,Dy17,ALL,not_in_promega_csv
BA4_96_1_G9,Dy17,ALL,not_in_promega_csv
BA4_96_1_H1,Dy17,ALL,not_in_promega_csv
BA4_96_1_H10,Dy17,ALL,not_in_promega_csv
BA4_96_1_H11,Dy17,ALL,not_in_promega_csv
BA4_96_1_H12,Dy17,ALL,not_in_promega_csv
BA4_96_1_H2,Dy17,ALL,not_in_promega_csv
BA4_96_1_H3,Dy17,ALL,not_in_promega_csv
BA4_96_1_H4,Dy17,ALL,not_in_promega_csv
BA4_96_1_H5,Dy17,ALL,not_in_promega_csv
BA4_96_1_H6,Dy17,ALL,not_in_promega_csv
BA4_96_1_H7,Dy17,ALL,not_in_promega_csv
BA4_96_1_H8,Dy17,ALL,not_in_promega_csv
BA4_96_1_H9,Dy17,ALL,not_in_promega_csv
BA4_96_1_A1,Dy20.5,ALL,not_in_promega_csv
BA4_96_1_A10,Dy20.5,ALL,not_in_promega_csv
BA4_96_1_A11,Dy20.5,ALL,not_in_promega_csv
BA4_96_1_A12,Dy20.5,ALL,not_in_promega_csv
BA4_96_1_A2,Dy20.5,ALL,not_in_promega_csv
BA4_96_1_A3,Dy20.5,ALL,not_in_promega_csv
BA4_96_1_A4,Dy20.5,ALL,not_in_promega_csv
BA4_96_1_A5,Dy20.5,ALL,not_in_promega_csv
BA4_96_1_A6,Dy20.5,ALL,not_in_promega_csv
BA4_96_1_A7,Dy20.5,ALL,not_in_promega_csv
BA4_96_1_A8,Dy20.5,ALL,not_in_promega_csv
BA4_96_1_A9,Dy20.5,ALL,not_in_promega_csv
BA4_96_1_B1,Dy20.5,ALL,not_in_promega_csv
BA4_96_1_B10,Dy20.5,ALL,not_in_promega_csv
BA4_96_1_B11,Dy20.5,ALL,not_in_promega_csv
BA4_96_1_B12,Dy20.5,ALL,not_in_promega_csv
BA4_96_1_B2,Dy20.5,ALL,not_in_promega_csv
BA4_96_1_B3,Dy20.5,ALL,not_in_promega_csv
BA4_96_1_B4,Dy20.5,ALL,not_in_promega_csv
BA4_96_1_B5,Dy20.5,ALL,not_in_promega_csv
BA4_96_1_B6,Dy20.5,ALL,not_in_promega_csv
BA4_96_1_B7,Dy20.5,ALL,not_in_promega_csv
BA4_96_1_B8,Dy20.5,ALL,not_in_promega_csv
BA4_96_1_B9,Dy20.5,ALL,not_in_promega_csv
BA4_96_1_C1,Dy20.5,ALL,not_in_promega_csv
BA4_96_1_C10,Dy20.5,ALL,not_in_promega_csv
BA4_96_1_C11,Dy20.5,ALL,not_in_promega_csv
BA4_96_1_C12,Dy20.5,ALL,not_in_promega_csv
BA4_96_1_C12,Dy20.5,ALL,not_in_promega_csv
BA4_96_1_C2,Dy20.5,ALL,not_in_promega_csv
BA4_96_1_C3,Dy20.5,ALL,not_in_promega_csv
BA4_96_1_C4,Dy20.5,ALL,not_in_promega_csv
BA4_96_1_C5,Dy20.5,ALL,not_in_promega_csv
BA4_96_1_C6,Dy20.5,ALL,not_in_promega_csv
BA4_96_1_C7,Dy20.5,ALL,not_in_promega_csv
BA4_96_1_C8,Dy20.5,ALL,not_in_promega_csv
BA4_96_1_C9,Dy20.5,ALL,not_in_promega_csv
BA4_96_1_D1,Dy20.5,ALL,not_in_promega_csv
BA4_96_1_D10,Dy20.5,ALL,not_in_promega_csv
BA4_96_1_D11,Dy20.5,ALL,not_in_promega_csv
BA4_96_1_D12,Dy20.5,ALL,not_in_promega_csv
BA4_96_1_D2,Dy20.5,ALL,not_in_promega_csv
BA4_96_1_D3,Dy20.5,ALL,not_in_promega_csv
BA4_96_1_D4,Dy20.5,ALL,not_in_promega_csv
BA4_96_1_D5,Dy20.5,ALL,not_in_promega_csv
BA4_96_1_D6,Dy20.5,ALL,not_in_promega_csv
BA4_96_1_D7,Dy20.5,ALL,not_in_promega_csv
BA4_96_1_D8,Dy20.5,ALL,not_in_promega_csv
BA4_96_1_D9,Dy20.5,ALL,not_in_promega_csv
BA4_96_1_E1,Dy20.5,ALL,not_in_promega_csv
BA4_96_1_E10,Dy20.5,ALL,not_in_promega_csv
BA4_96_1_E11,Dy20.5,ALL,not_in_promega_csv
BA4_96_1_E12,Dy20.5,ALL,not_in_promega_csv
BA4_96_1_E2,Dy20.5,ALL,not_in_promega_csv
BA4_96_1_E3,Dy20.5,ALL,not_in_promega_csv
BA4_96_1_E4,Dy20.5,ALL,not_in_promega_csv
BA4_96_1_E5,Dy20.5,ALL,not_in_promega_csv
BA4_96_1_E6,Dy20.5,ALL,not_in_promega_csv
BA4_96_1_E7,Dy20.5,ALL,not_in_promega_csv
BA4_96_1_E8,Dy20.5,ALL,not_in_promega_csv
BA4_96_1_E9,Dy20.5,ALL,not_in_promega_csv
BA4_96_1_F1,Dy20.5,ALL,not_in_promega_csv
BA4_96_1_F10,Dy20.5,ALL,not_in_promega_csv
BA4_96_1_F11,Dy20.5,ALL,not_in_promega_csv
BA4_96_1_F12,Dy20.5,ALL,not_in_promega_csv
BA4_96_1_F2,Dy20.5,ALL,not_in_promega_csv
BA4_96_1_F3,Dy20.5,ALL,not_in_promega_csv
BA4_96_1_F4,Dy20.5,ALL,not_in_promega_csv
BA4_96_1_F5,Dy20.5,ALL,not_in_promega_csv
BA4_96_1_F6,Dy20.5,ALL,not_in_promega_csv
BA4_96_1_F7,Dy20.5,ALL,not_in_promega_csv
BA4_96_1_F8,Dy20.5,ALL,not_in_promega_csv
BA4_96_1_F9,Dy20.5,ALL,not_in_promega_csv
BA4_96_1_G1,Dy20.5,ALL,not_in_promega_csv
BA4_96_1_G10,Dy20.5,ALL,not_in_promega_csv
BA4_96_1_G11,Dy20.5,ALL,not_in_promega_csv
BA4_96_1_G12,Dy20.5,ALL,not_in_promega_csv
BA4_96_1_G2,Dy20.5,ALL,not_in_promega_csv
BA4_96_1_G3,Dy20.5,ALL,not_in_promega_csv
BA4_96_1_G4,Dy20.5,ALL,not_in_promega_csv
BA4_96_1_G5,Dy20.5,ALL,not_in_promega_csv
BA4_96_1_G6,Dy20.5,ALL,not_in_promega_csv
BA4_96_1_G7,Dy20.5,ALL,not_in_promega_csv
BA4_96_1_G8,Dy20.5,ALL,not_in_promega_csv
BA4_96_1_G9,Dy20.5,ALL,not_in_promega_csv
BA4_96_1_H1,Dy20.5,ALL,not_in_promega_csv
BA4_96_1_H10,Dy20.5,ALL,not_in_promega_csv
BA4_96_1_H11,Dy20.5,ALL,not_in_promega_csv
BA4_96_1_H12,Dy20.5,ALL,not_in_promega_csv
BA4_96_1_H2,Dy20.5,ALL,not_in_promega_csv
BA4_96_1_H3,Dy20.5,ALL,not_in_promega_csv
BA4_96_1_H4,Dy20.5,ALL,not_in_promega_csv
BA4_96_1_H5,Dy20.5,ALL,not_in_promega_csv
BA4_96_1_H6,Dy20.5,ALL,not_in_promega_csv
BA4_96_1_H7,Dy20.5,ALL,not_in_promega_csv
BA4_96_1_H8,Dy20.5,ALL,not_in_promega_csv
BA4_96_1_H9,Dy20.5,ALL,not_in_promega_csv
BA4_96_1_A1,Dy24,ALL,not_in_promega_csv
BA4_96_1_A10,Dy24,ALL,not_in_promega_csv
BA4_96_1_A11,Dy24,ALL,not_in_promega_csv
BA4_96_1_A12,Dy24,ALL,not_in_promega_csv
BA4_96_1_A2,Dy24,ALL,not_in_promega_csv
BA4_96_1_A3,Dy24,ALL,not_in_promega_csv
BA4_96_1_A4,Dy24,ALL,not_in_promega_csv
BA4_96_1_A5,Dy24,ALL,not_in_promega_csv
BA4_96_1_A6,Dy24,ALL,not_in_promega_csv
BA4_96_1_A7,Dy24,ALL,not_in_promega_csv
BA4_96_1_A8,Dy24,ALL,not_in_promega_csv
BA4_96_1_A9,Dy24,ALL,not_in_promega_csv
BA4_96_1_B1,Dy24,ALL,not_in_promega_csv
BA4_96_1_B10,Dy24,ALL,not_in_promega_csv
BA4_96_1_B11,Dy24,ALL,not_in_promega_csv
BA4_96_1_B12,Dy24,ALL,not_in_promega_csv
BA4_96_1_B2,Dy24,ALL,not_in_promega_csv
BA4_96_1_B3,Dy24,ALL,not_in_promega_csv
BA4_96_1_B4,Dy24,ALL,not_in_promega_csv
BA4_96_1_B5,Dy24,ALL,not_in_promega_csv
BA4_96_1_B6,Dy24,ALL,not_in_promega_csv
BA4_96_1_B7,Dy24,ALL,not_in_promega_csv
BA4_96_1_B8,Dy24,ALL,not_in_promega_csv
BA4_96_1_B9,Dy24,ALL,not_in_promega_csv
BA4_96_1_C1,Dy24,ALL,not_in_promega_csv
BA4_96_1_C10,Dy24,ALL,not_in_promega_csv
BA4_96_1_C11,Dy24,ALL,not_in_promega_csv
BA4_96_1_C12,Dy24,ALL,not_in_promega_csv
BA4_96_1_C12,Dy24,ALL,not_in_promega_csv
BA4_96_1_C2,Dy24,ALL,not_in_promega_csv
BA4_96_1_C3,Dy24,ALL,not_in_promega_csv
BA4_96_1_C4,Dy24,ALL,not_in_promega_csv
BA4_96_1_C5,Dy24,ALL,not_in_promega_csv
BA4_96_1_C6,Dy24,ALL,not_in_promega_csv
BA4_96_1_C7,Dy24,ALL,not_in_promega_csv
BA4_96_1_C8,Dy24,ALL,not_in_promega_csv
BA4_96_1_C9,Dy24,ALL,not_in_promega_csv
BA4_96_1_D1,Dy24,ALL,not_in_promega_csv
BA4_96_1_D10,Dy24,ALL,not_in_promega_csv
BA4_96_1_D11,Dy24,ALL,not_in_promega_csv
BA4_96_1_D12,Dy24,ALL,not_in_promega_csv
BA4_96_1_D2,Dy24,ALL,not_in_promega_csv
BA4_96_1_D3,Dy24,ALL,not_in_promega_csv
BA4_96_1_D4,Dy24,ALL,not_in_promega_csv
BA4_96_1_D5,Dy24,ALL,not_in_promega_csv
BA4_96_1_D6,Dy24,ALL,not_in_promega_csv
BA4_96_1_D7,Dy24,ALL,not_in_promega_csv
BA4_96_1_D8,Dy24,ALL,not_in_promega_csv
BA4_96_1_D9,Dy24,ALL,not_in_promega_csv
BA4_96_1_E1,Dy24,ALL,not_in_promega_csv
BA4_96_1_E10,Dy24,ALL,not_in_promega_csv
BA4_96_1_E11,Dy24,ALL,not_in_promega_csv
BA4_96_1_E12,Dy24,ALL,not_in_promega_csv
BA4_96_1_E2,Dy24,ALL,not_in_promega_csv
BA4_96_1_E3,Dy24,ALL,not_in_promega_csv
BA4_96_1_E4,Dy24,ALL,not_in_promega_csv
BA4_96_1_E5,Dy24,ALL,not_in_promega_csv
BA4_96_1_E6,Dy24,ALL,not_in_promega_csv
BA4_96_1_E7,Dy24,ALL,not_in_promega_csv
BA4_96_1_E8,Dy24,ALL,not_in_promega_csv
BA4_96_1_E9,Dy24,ALL,not_in_promega_csv
BA4_96_1_F1,Dy24,ALL,not_in_promega_csv
BA4_96_1_F10,Dy24,ALL,not_in_promega_csv
BA4_96_1_F11,Dy24,ALL,not_in_promega_csv
BA4_96_1_F12,Dy24,ALL,not_in_promega_csv
BA4_96_1_F2,Dy24,ALL,not_in_promega_csv
BA4_96_1_F3,Dy24,ALL,not_in_promega_csv
BA4_96_1_F4,Dy24,ALL,not_in_promega_csv
BA4_96_1_F5,Dy24,ALL,not_in_promega_csv
BA4_96_1_F6,Dy24,ALL,not_in_promega_csv
BA4_96_1_F7,Dy24,ALL,not_in_promega_csv
BA4_96_1_F8,Dy24,ALL,not_in_promega_csv
BA4_96_1_F9,Dy24,ALL,not_in_promega_csv
BA4_96_1_G1,Dy24,ALL,not_in_promega_csv
BA4_96_1_G10,Dy24,ALL,not_in_promega_csv
BA4_96_1_G11,Dy24,ALL,not_in_promega_csv
BA4_96_1_G12,Dy24,ALL,not_in_promega_csv
BA4_96_1_G2,Dy24,ALL,not_in_promega_csv
BA4_96_1_G3,Dy24,ALL,not_in_promega_csv
BA4_96_1_G4,Dy24,ALL,not_in_promega_csv
BA4_96_1_G5,Dy24,ALL,not_in_promega_csv
BA4_96_1_G6,Dy24,ALL,not_in_promega_csv
BA4_96_1_G7,Dy24,ALL,not_in_promega_csv
BA4_96_1_G8,Dy24,ALL,not_in_promega_csv
BA4_96_1_G9,Dy24,ALL,not_in_promega_csv
BA4_96_1_H1,Dy24,ALL,not_in_promega_csv
BA4_96_1_H10,Dy24,ALL,not_in_promega_csv
BA4_96_1_H11,Dy24,ALL,not_in_promega_csv
BA4_96_1_H12,Dy24,ALL,not_in_promega_csv
BA4_96_1_H2,Dy24,ALL,not_in_promega_csv
BA4_96_1_H3,Dy24,ALL,not_in_promega_csv
BA4_96_1_H4,Dy24,ALL,not_in_promega_csv
BA4_96_1_H5,Dy24,ALL,not_in_promega_csv
BA4_96_1_H6,Dy24,ALL,not_in_promega_csv
BA4_96_1_H7,Dy24,ALL,not_in_promega_csv
BA4_96_1_H8,Dy24,ALL,not_in_promega_csv
BA4_96_1_H9,Dy24,ALL,not_in_promega_csv
BA4_96_1_A1,Dy28,ALL,not_in_promega_csv
BA4_96_1_A10,Dy28,ALL,not_in_promega_csv
BA4_96_1_A11,Dy28,ALL,not_in_promega_csv
BA4_96_1_A12,Dy28,ALL,not_in_promega_csv
BA4_96_1_A2,Dy28,ALL,not_in_promega_csv
BA4_96_1_A3,Dy28,ALL,not_in_promega_csv
BA4_96_1_A4,Dy28,ALL,not_in_promega_csv
BA4_96_1_A5,Dy28,ALL,not_in_promega_csv
BA4_96_1_A6,Dy28,ALL,not_in_promega_csv
BA4_96_1_A7,Dy28,ALL,not_in_promega_csv
BA4_96_1_A8,Dy28,ALL,not_in_promega_csv
BA4_96_1_A9,Dy28,ALL,not_in_promega_csv
BA4_96_1_B1,Dy28,ALL,not_in_promega_csv
BA4_96_1_B10,Dy28,ALL,not_in_promega_csv
BA4_96_1_B11,Dy28,ALL,not_in_promega_csv
BA4_96_1_B12,Dy28,ALL,not_in_promega_csv
BA4_96_1_B2,Dy28,ALL,not_in_promega_csv
BA4_96_1_B3,Dy28,ALL,not_in_promega_csv
BA4_96_1_B4,Dy28,ALL,not_in_promega_csv
BA4_96_1_B5,Dy28,ALL,not_in_promega_csv
BA4_96_1_B6,Dy28,ALL,not_in_promega_csv
BA4_96_1_B7,Dy28,ALL,not_in_promega_csv
BA4_96_1_B8,Dy28,ALL,not_in_promega_csv
BA4_96_1_B9,Dy28,ALL,not_in_promega_csv
BA4_96_1_C1,Dy28,ALL,not_in_promega_csv
BA4_96_1_C10,Dy28,ALL,not_in_promega_csv
BA4_96_1_C11,Dy28,ALL,not_in_promega_csv
BA4_96_1_C12,Dy28,ALL,not_in_promega_csv
BA4_96_1_C12,Dy28,ALL,not_in_promega_csv
BA4_96_1_C2,Dy28,ALL,not_in_promega_csv
BA4_96_1_C3,Dy28,ALL,not_in_promega_csv
BA4_96_1_C4,Dy28,ALL,not_in_promega_csv
BA4_96_1_C5,Dy28,ALL,not_in_promega_csv
BA4_96_1_C6,Dy28,ALL,not_in_promega_csv
BA4_96_1_C7,Dy28,ALL,not_in_promega_csv
BA4_96_1_C8,Dy28,ALL,not_in_promega_csv
BA4_96_1_C9,Dy28,ALL,not_in_promega_csv
BA4_96_1_D1,Dy28,ALL,not_in_promega_csv
BA4_96_1_D10,Dy28,ALL,not_in_promega_csv
BA4_96_1_D11,Dy28,ALL,not_in_promega_csv
BA4_96_1_D12,Dy28,ALL,not_in_promega_csv
BA4_96_1_D2,Dy28,ALL,not_in_promega_csv
BA4_96_1_D3,Dy28,ALL,not_in_promega_csv
BA4_96_1_D4,Dy28,ALL,not_in_promega_csv
BA4_96_1_D5,Dy28,ALL,not_in_promega_csv
BA4_96_1_D6,Dy28,ALL,not_in_promega_csv
BA4_96_1_D7,Dy28,ALL,not_in_promega_csv
BA4_96_1_D8,Dy28,ALL,not_in_promega_csv
BA4_96_1_D9,Dy28,ALL,not_in_promega_csv
BA4_96_1_E1,Dy28,ALL,not_in_promega_csv
BA4_96_1_E10,Dy28,ALL,not_in_promega_csv
BA4_96_1_E11,Dy28,ALL,not_in_promega_csv
BA4_96_1_E12,Dy28,ALL,not_in_promega_csv
BA4_96_1_E2,Dy28,ALL,not_in_promega_csv
BA4_96_1_E3,Dy28,ALL,not_in_promega_csv
BA4_96_1_E4,Dy28,ALL,not_in_promega_csv
BA4_96_1_E5,Dy28,ALL,not_in_promega_csv
BA4_96_1_E6,Dy28,ALL,not_in_promega_csv
BA4_96_1_E7,Dy28,ALL,not_in_promega_csv
BA4_96_1_E8,Dy28,ALL,not_in_promega_csv
BA4_96_1_E9,Dy28,ALL,not_in_promega_csv
BA4_96_1_F1,Dy28,ALL,not_in_promega_csv
BA4_96_1_F10,Dy28,ALL,not_in_promega_csv
BA4_96_1_F11,Dy28,ALL,not_in_promega_csv
BA4_96_1_F12,Dy28,ALL,not_in_promega_csv
BA4_96_1_F2,Dy28,ALL,not_in_promega_csv
BA4_96_1_F3,Dy28,ALL,not_in_promega_csv
BA4_96_1_F4,Dy28,ALL,not_in_promega_csv
BA4_96_1_F5,Dy28,ALL,not_in_promega_csv
BA4_96_1_F6,Dy28,ALL,not_in_promega_csv
BA4_96_1_F7,Dy28,ALL,not_in_promega_csv
BA4_96_1_F8,Dy28,ALL,not_in_promega_csv
BA4_96_1_F9,Dy28,ALL,not_in_promega_csv
BA4_96_1_G1,Dy28,ALL,not_in_promega_csv
BA4_96_1_G10,Dy28,ALL,not_in_promega_csv
BA4_96_1_G11,Dy28,ALL,not_in_promega_csv
BA4_96_1_G12,Dy28,ALL,not_in_promega_csv
BA4_96_1_G2,Dy28,ALL,not_in_promega_csv
BA4_96_1_G3,Dy28,ALL,not_in_promega_csv
BA4_96_1_G4,Dy28,ALL,not_in_promega_csv
BA4_96_1_G5,Dy28,ALL,not_in_promega_csv
BA4_96_1_G6,Dy28,ALL,not_in_promega_csv
BA4_96_1_G7,Dy28,ALL,not_in_promega_csv
BA4_96_1_G8,Dy28,ALL,not_in_promega_csv
BA4_96_1_G9,Dy28,ALL,not_in_promega_csv
BA4_96_1_H1,Dy28,ALL,not_in_promega_csv
BA4_96_1_H10,Dy28,ALL,not_in_promega_csv
BA4_96_1_H11,Dy28,ALL,not_in_promega_csv
BA4_96_1_H12,Dy28,ALL,not_in_promega_csv
BA4_96_1_H2,Dy28,ALL,not_in_promega_csv
BA4_96_1_H3,Dy28,ALL,not_in_promega_csv
BA4_96_1_H4,Dy28,ALL,not_in_promega_csv
BA4_96_1_H5,Dy28,ALL,not_in_promega_csv
BA4_96_1_H6,Dy28,ALL,not_in_promega_csv
BA4_96_1_H7,Dy28,ALL,not_in_promega_csv
BA4_96_1_H8,Dy28,ALL,not_in_promega_csv
BA4_96_1_H9,Dy28,ALL,not_in_promega_csv
BA4_96_1_A1,Dy30,ALL,not_in_promega_csv
BA4_96_1_A10,Dy30,ALL,not_in_promega_csv
BA4_96_1_A11,Dy30,ALL,not_in_promega_csv
BA4_96_1_A12,Dy30,ALL,not_in_promega_csv
BA4_96_1_A2,Dy30,ALL,not_in_promega_csv
BA4_96_1_A3,Dy30,ALL,not_in_promega_csv
BA4_96_1_A4,Dy30,ALL,not_in_promega_csv
BA4_96_1_A5,Dy30,ALL,not_in_promega_csv
BA4_96_1_A6,Dy30,ALL,not_in_promega_csv
BA4_96_1_A7,Dy30,ALL,not_in_promega_csv
BA4_96_1_A8,Dy30,ALL,not_in_promega_csv
BA4_96_1_A9,Dy30,ALL,not_in_promega_csv
BA4_96_1_B1,Dy30,ALL,not_in_promega_csv
BA4_96_1_B10,Dy30,ALL,not_in_promega_csv
BA4_96_1_B11,Dy30,ALL,not_in_promega_csv
BA4_96_1_B12,Dy30,ALL,not_in_promega_csv
BA4_96_1_B2,Dy30,ALL,not_in_promega_csv
BA4_96_1_B3,Dy30,ALL,not_in_promega_csv
BA4_96_1_B4,Dy30,ALL,not_in_promega_csv
BA4_96_1_B5,Dy30,ALL,not_in_promega_csv
BA4_96_1_B6,Dy30,ALL,not_in_promega_csv
BA4_96_1_B7,Dy30,ALL,not_in_promega_csv
BA4_96_1_B8,Dy30,ALL,not_in_promega_csv
BA4_96_1_B9,Dy30,ALL,not_in_promega_csv
BA4_96_1_C1,Dy30,ALL,not_in_promega_csv
BA4_96_1_C10,Dy30,ALL,not_in_promega_csv
BA4_96_1_C11,Dy30,ALL,not_in_promega_csv
BA4_96_1_C12,Dy30,ALL,not_in_promega_csv
BA4_96_1_C12,Dy30,ALL,not_in_promega_csv
BA4_96_1_C2,Dy30,ALL,not_in_promega_csv
BA4_96_1_C3,Dy30,ALL,not_in_promega_csv
BA4_96_1_C4,Dy30,ALL,not_in_promega_csv
BA4_96_1_C5,Dy30,ALL,not_in_promega_csv
BA4_96_1_C6,Dy30,ALL,not_in_promega_csv
BA4_96_1_C7,Dy30,ALL,not_in_promega_csv
BA4_96_1_C8,Dy30,ALL,not_in_promega_csv
BA4_96_1_C9,Dy30,ALL,not_in_promega_csv
BA4_96_1_D1,Dy30,ALL,not_in_promega_csv
BA4_96_1_D10,Dy30,ALL,not_in_promega_csv
BA4_96_1_D11,Dy30,ALL,not_in_promega_csv
BA4_96_1_D12,Dy30,ALL,not_in_promega_csv
BA4_96_1_D2,Dy30,ALL,not_in_promega_csv
BA4_96_1_D3,Dy30,ALL,not_in_promega_csv
BA4_96_1_D4,Dy30,ALL,not_in_promega_csv
BA4_96_1_D5,Dy30,ALL,not_in_promega_csv
BA4_96_1_D6,Dy30,ALL,not_in_promega_csv
BA4_96_1_D7,Dy30,ALL,not_in_promega_csv
BA4_96_1_D8,Dy30,ALL,not_in_promega_csv
BA4_96_1_D9,Dy30,ALL,not_in_promega_csv
BA4_96_1_E1,Dy30,ALL,not_in_promega_csv
BA4_96_1_E10,Dy30,ALL,not_in_promega_csv
BA4_96_1_E11,Dy30,ALL,not_in_promega_csv
BA4_96_1_E12,Dy30,ALL,not_in_promega_csv
BA4_96_1_E2,Dy30,ALL,not_in_promega_csv
BA4_96_1_E3,Dy30,ALL,not_in_promega_csv
BA4_96_1_E4,Dy30,ALL,not_in_promega_csv
BA4_96_1_E5,Dy30,ALL,not_in_promega_csv
BA4_96_1_E6,Dy30,ALL,not_in_promega_csv
BA4_96_1_E7,Dy30,ALL,not_in_promega_csv
BA4_96_1_E8,Dy30,ALL,not_in_promega_csv
BA4_96_1_E9,Dy30,ALL,not_in_promega_csv
BA4_96_1_F1,Dy30,ALL,not_in_promega_csv
BA4_96_1_F10,Dy30,ALL,not_in_promega_csv
BA4_96_1_F11,Dy30,ALL,not_in_promega_csv
BA4_96_1_F12,Dy30,ALL,not_in_promega_csv
BA4_96_1_F2,Dy30,ALL,not_in_promega_csv
BA4_96_1_F3,Dy30,ALL,not_in_promega_csv
BA4_96_1_F4,Dy30,ALL,not_in_promega_csv
BA4_96_1_F5,Dy30,ALL,not_in_promega_csv
BA4_96_1_F6,Dy30,ALL,not_in_promega_csv
BA4_96_1_F7,Dy30,ALL,not_in_promega_csv
BA4_96_1_F8,Dy30,ALL,not_in_promega_csv
BA4_96_1_F9,Dy30,ALL,not_in_promega_csv
BA4_96_1_G1,Dy30,ALL,not_in_promega_csv
BA4_96_1_G10,Dy30,ALL,not_in_promega_csv
BA4_96_1_G11,Dy30,ALL,not_in_promega_csv
BA4_96_1_G12,Dy30,ALL,not_in_promega_csv
BA4_96_1_G2,Dy30,ALL,not_in_promega_csv
BA4_96_1_G3,Dy30,ALL,not_in_promega_csv
BA4_96_1_G4,Dy30,ALL,not_in_promega_csv
BA4_96_1_G5,Dy30,ALL,not_in_promega_csv
BA4_96_1_G6,Dy30,ALL,not_in_promega_csv
BA4_96_1_G7,Dy30,ALL,not_in_promega_csv
BA4_96_1_G8,Dy30,ALL,not_in_promega_csv
BA4_96_1_G9,Dy30,ALL,not_in_promega_csv
BA4_96_1_H1,Dy30,ALL,not_in_promega_csv
BA4_96_1_H10,Dy30,ALL,not_in_promega_csv
BA4_96_1_H11,Dy30,ALL,not_in_promega_csv
BA4_96_1_H12,Dy30,ALL,not_in_promega_csv
BA4_96_1_H2,Dy30,ALL,not_in_promega_csv
BA4_96_1_H3,Dy30,ALL,not_in_promega_csv
BA4_96_1_H4,Dy30,ALL,not_in_promega_csv
BA4_96_1_H5,Dy30,ALL,not_in_promega_csv
BA4_96_1_H6,Dy30,ALL,not_in_promega_csv
BA4_96_1_H7,Dy30,ALL,not_in_promega_csv
BA4_96_1_H8,Dy30,ALL,not_in_promega_csv
BA4_96_1_H9,Dy30,ALL,not_in_promega_csv
BA1_96_1_A1,Dy03,"GlucoseGlo, GlutamateGlo, BCAAGlo",null_win_or_win_vol_norm
BA1_96_1_H1,Dy03,PyruvateGlo,null_win_or_win_vol_norm
BA1_96_1_H10,Dy03,PyruvateGlo,null_win_or_win_vol_norm
BA1_96_1_H11,Dy03,PyruvateGlo,null_win_or_win_vol_norm
BA1_96_1_H12,Dy03,PyruvateGlo,null_win_or_win_vol_norm
BA1_96_1_H2,Dy03,PyruvateGlo,null_win_or_win_vol_norm
BA1_96_1_H3,Dy03,PyruvateGlo,null_win_or_win_vol_norm
BA1_96_1_H4,Dy03,PyruvateGlo,null_win_or_win_vol_norm
BA1_96_1_H5,Dy03,PyruvateGlo,null_win_or_win_vol_norm
BA1_96_1_H6,Dy03,PyruvateGlo,null_win_or_win_vol_norm
BA1_96_1_H7,Dy03,PyruvateGlo,null_win_or_win_vol_norm
BA1_96_1_H8,Dy03,PyruvateGlo,null_win_or_win_vol_norm
BA1_96_1_H9,Dy03,PyruvateGlo,null_win_or_win_vol_norm
BA1_96_1_A1,Dy06,"GlucoseGlo, GlutamateGlo, BCAAGlo",null_win_or_win_vol_norm
BA1_96_1_A1,Dy08,"GlucoseGlo, GlutamateGlo, BCAAGlo",null_win_or_win_vol_norm
BA1_96_1_C12,Dy08,"GlucoseGlo, GlutamateGlo, LactateGlo, PyruvateGlo, MalateGlo, BCAAGlo",null_win_or_win_vol_norm
BA1_96_1_C2,Dy08,"GlucoseGlo, GlutamateGlo, LactateGlo, PyruvateGlo, MalateGlo, BCAAGlo",null_win_or_win_vol_norm
BA1_96_1_E6,Dy08,"GlucoseGlo, GlutamateGlo, LactateGlo, PyruvateGlo, MalateGlo, BCAAGlo",null_win_or_win_vol_norm
BA1_96_1_F7,Dy08,"GlucoseGlo, GlutamateGlo, LactateGlo, PyruvateGlo, MalateGlo, BCAAGlo",null_win_or_win_vol_norm
BA1_96_1_A1,Dy10,"GlucoseGlo, GlutamateGlo, BCAAGlo",null_win_or_win_vol_norm
BA1_96_1_A1,Dy13,"GlucoseGlo, GlutamateGlo, BCAAGlo",null_win_or_win_vol_norm
BA1_96_1_A1,Dy15,"GlucoseGlo, GlutamateGlo, BCAAGlo",null_win_or_win_vol_norm
BA1_96_1_A1,Dy17,"GlucoseGlo, GlutamateGlo, BCAAGlo",null_win_or_win_vol_norm
BA1_96_1_A1,Dy20.5,"GlucoseGlo, GlutamateGlo, LactateGlo, PyruvateGlo, MalateGlo, BCAAGlo",null_win_or_win_vol_norm
BA1_96_1_A10,Dy20.5,"GlucoseGlo, GlutamateGlo, LactateGlo, PyruvateGlo, MalateGlo, BCAAGlo",null_win_or_win_vol_norm
BA1_96_1_A11,Dy20.5,"GlucoseGlo, GlutamateGlo, LactateGlo, PyruvateGlo, MalateGlo, BCAAGlo",null_win_or_win_vol_norm
BA1_96_1_A12,Dy20.5,"GlucoseGlo, GlutamateGlo, LactateGlo, PyruvateGlo, MalateGlo, BCAAGlo",null_win_or_win_vol_norm
BA1_96_1_A2,Dy20.5,"GlucoseGlo, GlutamateGlo, LactateGlo, PyruvateGlo, MalateGlo, BCAAGlo",null_win_or_win_vol_norm
BA1_96_1_A3,Dy20.5,"GlucoseGlo, GlutamateGlo, LactateGlo, PyruvateGlo, MalateGlo, BCAAGlo",null_win_or_win_vol_norm
BA1_96_1_A4,Dy20.5,"GlucoseGlo, GlutamateGlo, LactateGlo, PyruvateGlo, MalateGlo, BCAAGlo",null_win_or_win_vol_norm
BA1_96_1_A5,Dy20.5,"GlucoseGlo, GlutamateGlo, LactateGlo, PyruvateGlo, MalateGlo, BCAAGlo",null_win_or_win_vol_norm
BA1_96_1_A6,Dy20.5,"GlucoseGlo, GlutamateGlo, LactateGlo, PyruvateGlo, MalateGlo, BCAAGlo",null_win_or_win_vol_norm
BA1_96_1_A7,Dy20.5,"GlucoseGlo, GlutamateGlo, LactateGlo, PyruvateGlo, MalateGlo, BCAAGlo",null_win_or_win_vol_norm
BA1_96_1_A8,Dy20.5,"GlucoseGlo, GlutamateGlo, LactateGlo, PyruvateGlo, MalateGlo, BCAAGlo",null_win_or_win_vol_norm
BA1_96_1_A9,Dy20.5,"GlucoseGlo, GlutamateGlo, LactateGlo, PyruvateGlo, MalateGlo, BCAAGlo",null_win_or_win_vol_norm
BA1_96_1_B1,Dy20.5,"GlucoseGlo, GlutamateGlo, LactateGlo, PyruvateGlo, MalateGlo, BCAAGlo",null_win_or_win_vol_norm
BA1_96_1_B10,Dy20.5,"GlucoseGlo, GlutamateGlo, LactateGlo, PyruvateGlo, MalateGlo, BCAAGlo",null_win_or_win_vol_norm
BA1_96_1_B11,Dy20.5,"GlucoseGlo, GlutamateGlo, LactateGlo, PyruvateGlo, MalateGlo, BCAAGlo",null_win_or_win_vol_norm
BA1_96_1_B12,Dy20.5,"GlucoseGlo, GlutamateGlo, LactateGlo, PyruvateGlo, MalateGlo, BCAAGlo",null_win_or_win_vol_norm
BA1_96_1_B2,Dy20.5,"GlucoseGlo, GlutamateGlo, LactateGlo, PyruvateGlo, MalateGlo, BCAAGlo",null_win_or_win_vol_norm
BA1_96_1_B3,Dy20.5,"GlucoseGlo, GlutamateGlo, LactateGlo, PyruvateGlo, MalateGlo, BCAAGlo",null_win_or_win_vol_norm
BA1_96_1_B4,Dy20.5,"GlucoseGlo, GlutamateGlo, LactateGlo, PyruvateGlo, MalateGlo, BCAAGlo",null_win_or_win_vol_norm
BA1_96_1_B5,Dy20.5,"GlucoseGlo, GlutamateGlo, LactateGlo, PyruvateGlo, MalateGlo, BCAAGlo",null_win_or_win_vol_norm
BA1_96_1_B6,Dy20.5,"GlucoseGlo, GlutamateGlo, LactateGlo, PyruvateGlo, MalateGlo, BCAAGlo",null_win_or_win_vol_norm
BA1_96_1_B7,Dy20.5,"GlucoseGlo, GlutamateGlo, LactateGlo, PyruvateGlo, MalateGlo, BCAAGlo",null_win_or_win_vol_norm
BA1_96_1_B8,Dy20.5,"GlucoseGlo, GlutamateGlo, LactateGlo, PyruvateGlo, MalateGlo, BCAAGlo",null_win_or_win_vol_norm
BA1_96_1_B9,Dy20.5,"GlucoseGlo, GlutamateGlo, LactateGlo, PyruvateGlo, MalateGlo, BCAAGlo",null_win_or_win_vol_norm
BA1_96_1_C1,Dy20.5,"GlucoseGlo, GlutamateGlo, LactateGlo, PyruvateGlo, MalateGlo, BCAAGlo",null_win_or_win_vol_norm
BA1_96_1_C10,Dy20.5,"GlucoseGlo, GlutamateGlo, LactateGlo, PyruvateGlo, MalateGlo, BCAAGlo",null_win_or_win_vol_norm
BA1_96_1_C11,Dy20.5,"GlucoseGlo, GlutamateGlo, LactateGlo, PyruvateGlo, MalateGlo, BCAAGlo",null_win_or_win_vol_norm
BA1_96_1_C12,Dy20.5,"GlucoseGlo, GlutamateGlo, LactateGlo, PyruvateGlo, MalateGlo, BCAAGlo",null_win_or_win_vol_norm
BA1_96_1_C2,Dy20.5,"GlucoseGlo, GlutamateGlo, LactateGlo, PyruvateGlo, MalateGlo, BCAAGlo",null_win_or_win_vol_norm
BA1_96_1_C3,Dy20.5,"GlucoseGlo, GlutamateGlo, LactateGlo, PyruvateGlo, MalateGlo, BCAAGlo",null_win_or_win_vol_norm
BA1_96_1_C4,Dy20.5,"GlucoseGlo, GlutamateGlo, LactateGlo, PyruvateGlo, MalateGlo, BCAAGlo",null_win_or_win_vol_norm
BA1_96_1_C5,Dy20.5,"GlucoseGlo, GlutamateGlo, LactateGlo, PyruvateGlo, MalateGlo, BCAAGlo",null_win_or_win_vol_norm
BA1_96_1_C6,Dy20.5,"GlucoseGlo, GlutamateGlo, LactateGlo, PyruvateGlo, MalateGlo, BCAAGlo",null_win_or_win_vol_norm
BA1_96_1_C7,Dy20.5,"GlucoseGlo, GlutamateGlo, LactateGlo, PyruvateGlo, MalateGlo, BCAAGlo",null_win_or_win_vol_norm
BA1_96_1_C8,Dy20.5,"GlucoseGlo, GlutamateGlo, LactateGlo, PyruvateGlo, MalateGlo, BCAAGlo",null_win_or_win_vol_norm
BA1_96_1_D1,Dy20.5,"GlucoseGlo, GlutamateGlo, LactateGlo, PyruvateGlo, MalateGlo, BCAAGlo",null_win_or_win_vol_norm
BA1_96_1_D10,Dy20.5,"GlucoseGlo, GlutamateGlo, LactateGlo, PyruvateGlo, MalateGlo, BCAAGlo",null_win_or_win_vol_norm
BA1_96_1_D11,Dy20.5,"GlucoseGlo, GlutamateGlo, LactateGlo, PyruvateGlo, MalateGlo, BCAAGlo",null_win_or_win_vol_norm
BA1_96_1_D12,Dy20.5,"GlucoseGlo, GlutamateGlo, LactateGlo, PyruvateGlo, MalateGlo, BCAAGlo",null_win_or_win_vol_norm
BA1_96_1_D2,Dy20.5,"GlucoseGlo, GlutamateGlo, LactateGlo, PyruvateGlo, MalateGlo, BCAAGlo",null_win_or_win_vol_norm
BA1_96_1_D3,Dy20.5,"GlucoseGlo, GlutamateGlo, LactateGlo, PyruvateGlo, MalateGlo, BCAAGlo",null_win_or_win_vol_norm
BA1_96_1_D4,Dy20.5,"GlucoseGlo, GlutamateGlo, LactateGlo, PyruvateGlo, MalateGlo, BCAAGlo",null_win_or_win_vol_norm
BA1_96_1_D5,Dy20.5,"GlucoseGlo, GlutamateGlo, LactateGlo, PyruvateGlo, MalateGlo, BCAAGlo",null_win_or_win_vol_norm
BA1_96_1_D6,Dy20.5,"GlucoseGlo, GlutamateGlo, LactateGlo, PyruvateGlo, MalateGlo, BCAAGlo",null_win_or_win_vol_norm
BA1_96_1_D7,Dy20.5,"GlucoseGlo, GlutamateGlo, LactateGlo, PyruvateGlo, MalateGlo, BCAAGlo",null_win_or_win_vol_norm
BA1_96_1_D8,Dy20.5,"GlucoseGlo, GlutamateGlo, LactateGlo, PyruvateGlo, MalateGlo, BCAAGlo",null_win_or_win_vol_norm
BA1_96_1_D9,Dy20.5,"GlucoseGlo, GlutamateGlo, LactateGlo, PyruvateGlo, MalateGlo, BCAAGlo",null_win_or_win_vol_norm
BA1_96_1_E1,Dy20.5,"GlucoseGlo, GlutamateGlo, LactateGlo, PyruvateGlo, MalateGlo, BCAAGlo",null_win_or_win_vol_norm
BA1_96_1_E10,Dy20.5,"GlucoseGlo, GlutamateGlo, LactateGlo, PyruvateGlo, MalateGlo, BCAAGlo",null_win_or_win_vol_norm
BA1_96_1_E11,Dy20.5,"GlucoseGlo, GlutamateGlo, LactateGlo, PyruvateGlo, MalateGlo, BCAAGlo",null_win_or_win_vol_norm
BA1_96_1_E12,Dy20.5,"GlucoseGlo, GlutamateGlo, LactateGlo, PyruvateGlo, MalateGlo, BCAAGlo",null_win_or_win_vol_norm
BA1_96_1_E2,Dy20.5,"GlucoseGlo, GlutamateGlo, LactateGlo, PyruvateGlo, MalateGlo, BCAAGlo",null_win_or_win_vol_norm
BA1_96_1_E3,Dy20.5,"GlucoseGlo, GlutamateGlo, LactateGlo, PyruvateGlo, MalateGlo, BCAAGlo",null_win_or_win_vol_norm
BA1_96_1_E4,Dy20.5,"GlucoseGlo, GlutamateGlo, LactateGlo, PyruvateGlo, MalateGlo, BCAAGlo",null_win_or_win_vol_norm
BA1_96_1_E5,Dy20.5,"GlucoseGlo, GlutamateGlo, LactateGlo, PyruvateGlo, MalateGlo, BCAAGlo",null_win_or_win_vol_norm
BA1_96_1_E6,Dy20.5,"GlucoseGlo, GlutamateGlo, LactateGlo, PyruvateGlo, MalateGlo, BCAAGlo",null_win_or_win_vol_norm
BA1_96_1_E7,Dy20.5,"GlucoseGlo, GlutamateGlo, LactateGlo, PyruvateGlo, MalateGlo, BCAAGlo",null_win_or_win_vol_norm
BA1_96_1_E9,Dy20.5,"GlucoseGlo, GlutamateGlo, LactateGlo, PyruvateGlo, MalateGlo, BCAAGlo",null_win_or_win_vol_norm
BA1_96_1_F1,Dy20.5,"GlucoseGlo, GlutamateGlo, LactateGlo, PyruvateGlo, MalateGlo, BCAAGlo",null_win_or_win_vol_norm
BA1_96_1_F10,Dy20.5,"GlucoseGlo, GlutamateGlo, LactateGlo, PyruvateGlo, MalateGlo, BCAAGlo",null_win_or_win_vol_norm
BA1_96_1_F11,Dy20.5,"GlucoseGlo, GlutamateGlo, LactateGlo, PyruvateGlo, MalateGlo, BCAAGlo",null_win_or_win_vol_norm
BA1_96_1_F12,Dy20.5,"GlucoseGlo, GlutamateGlo, LactateGlo, PyruvateGlo, MalateGlo, BCAAGlo",null_win_or_win_vol_norm
BA1_96_1_F2,Dy20.5,"GlucoseGlo, GlutamateGlo, LactateGlo, PyruvateGlo, MalateGlo, BCAAGlo",null_win_or_win_vol_norm
BA1_96_1_F3,Dy20.5,"GlucoseGlo, GlutamateGlo, LactateGlo, PyruvateGlo, MalateGlo, BCAAGlo",null_win_or_win_vol_norm
BA1_96_1_F4,Dy20.5,"GlucoseGlo, GlutamateGlo, LactateGlo, PyruvateGlo, MalateGlo, BCAAGlo",null_win_or_win_vol_norm
BA1_96_1_F5,Dy20.5,"GlucoseGlo, GlutamateGlo, LactateGlo, PyruvateGlo, MalateGlo, BCAAGlo",null_win_or_win_vol_norm
BA1_96_1_F6,Dy20.5,"GlucoseGlo, GlutamateGlo, LactateGlo, PyruvateGlo, MalateGlo, BCAAGlo",null_win_or_win_vol_norm
BA1_96_1_F7,Dy20.5,"GlucoseGlo, GlutamateGlo, LactateGlo, PyruvateGlo, MalateGlo, BCAAGlo",null_win_or_win_vol_norm
BA1_96_1_F8,Dy20.5,"GlucoseGlo, GlutamateGlo, LactateGlo, PyruvateGlo, MalateGlo, BCAAGlo",null_win_or_win_vol_norm
BA1_96_1_F9,Dy20.5,"GlucoseGlo, GlutamateGlo, LactateGlo, PyruvateGlo, MalateGlo, BCAAGlo",null_win_or_win_vol_norm
BA1_96_1_G1,Dy20.5,"GlucoseGlo, GlutamateGlo, LactateGlo, PyruvateGlo, MalateGlo, BCAAGlo",null_win_or_win_vol_norm
BA1_96_1_G10,Dy20.5,"GlucoseGlo, GlutamateGlo, LactateGlo, PyruvateGlo, MalateGlo, BCAAGlo",null_win_or_win_vol_norm
BA1_96_1_G11,Dy20.5,"GlucoseGlo, GlutamateGlo, LactateGlo, PyruvateGlo, MalateGlo, BCAAGlo",null_win_or_win_vol_norm
BA1_96_1_G12,Dy20.5,"GlucoseGlo, GlutamateGlo, LactateGlo, PyruvateGlo, MalateGlo, BCAAGlo",null_win_or_win_vol_norm
BA1_96_1_G2,Dy20.5,"GlucoseGlo, GlutamateGlo, LactateGlo, PyruvateGlo, MalateGlo, BCAAGlo",null_win_or_win_vol_norm
BA1_96_1_G3,Dy20.5,"GlucoseGlo, GlutamateGlo, LactateGlo, PyruvateGlo, MalateGlo, BCAAGlo",null_win_or_win_vol_norm
BA1_96_1_G4,Dy20.5,"GlucoseGlo, GlutamateGlo, LactateGlo, PyruvateGlo, MalateGlo, BCAAGlo",null_win_or_win_vol_norm
BA1_96_1_G5,Dy20.5,"GlucoseGlo, GlutamateGlo, LactateGlo, PyruvateGlo, MalateGlo, BCAAGlo",null_win_or_win_vol_norm
BA1_96_1_G6,Dy20.5,"GlucoseGlo, GlutamateGlo, LactateGlo, PyruvateGlo, MalateGlo, BCAAGlo",null_win_or_win_vol_norm
BA1_96_1_G7,Dy20.5,"GlucoseGlo, GlutamateGlo, LactateGlo, PyruvateGlo, MalateGlo, BCAAGlo",null_win_or_win_vol_norm
BA1_96_1_G8,Dy20.5,"GlucoseGlo, GlutamateGlo, LactateGlo, PyruvateGlo, MalateGlo, BCAAGlo",null_win_or_win_vol_norm
BA1_96_1_G9,Dy20.5,"GlucoseGlo, GlutamateGlo, LactateGlo, PyruvateGlo, MalateGlo, BCAAGlo",null_win_or_win_vol_norm
BA1_96_1_H1,Dy20.5,"GlucoseGlo, GlutamateGlo, LactateGlo, PyruvateGlo, MalateGlo, BCAAGlo",null_win_or_win_vol_norm
BA1_96_1_H10,Dy20.5,"GlucoseGlo, GlutamateGlo, LactateGlo, PyruvateGlo, MalateGlo, BCAAGlo",null_win_or_win_vol_norm
BA1_96_1_H11,Dy20.5,"GlucoseGlo, GlutamateGlo, LactateGlo, PyruvateGlo, MalateGlo, BCAAGlo",null_win_or_win_vol_norm
BA1_96_1_H12,Dy20.5,"GlucoseGlo, GlutamateGlo, LactateGlo, PyruvateGlo, MalateGlo, BCAAGlo",null_win_or_win_vol_norm
BA1_96_1_H2,Dy20.5,"GlucoseGlo, GlutamateGlo, LactateGlo, PyruvateGlo, MalateGlo, BCAAGlo",null_win_or_win_vol_norm
BA1_96_1_H3,Dy20.5,"GlucoseGlo, GlutamateGlo, LactateGlo, PyruvateGlo, MalateGlo, BCAAGlo",null_win_or_win_vol_norm
BA1_96_1_H4,Dy20.5,"GlucoseGlo, GlutamateGlo, LactateGlo, PyruvateGlo, MalateGlo, BCAAGlo",null_win_or_win_vol_norm
BA1_96_1_H5,Dy20.5,"GlucoseGlo, GlutamateGlo, LactateGlo, PyruvateGlo, MalateGlo, BCAAGlo",null_win_or_win_vol_norm
BA1_96_1_H6,Dy20.5,"GlucoseGlo, GlutamateGlo, LactateGlo, PyruvateGlo, MalateGlo, BCAAGlo",null_win_or_win_vol_norm
BA1_96_1_H7,Dy20.5,"GlucoseGlo, GlutamateGlo, LactateGlo, PyruvateGlo, MalateGlo, BCAAGlo",null_win_or_win_vol_norm
BA1_96_1_H8,Dy20.5,"GlucoseGlo, GlutamateGlo, LactateGlo, PyruvateGlo, MalateGlo, BCAAGlo",null_win_or_win_vol_norm
BA1_96_1_H9,Dy20.5,"GlucoseGlo, GlutamateGlo, LactateGlo, PyruvateGlo, MalateGlo, BCAAGlo",null_win_or_win_vol_norm
BA1_96_1_A1,Dy24,"GlucoseGlo, GlutamateGlo, BCAAGlo",null_win_or_win_vol_norm
BA2_96_1_E6,Dy08,"GlucoseGlo, GlutamateGlo, LactateGlo, PyruvateGlo, MalateGlo, BCAAGlo",null_win_or_win_vol_norm
BA2_96_1_A4,Dy17,GlutamateGlo,null_win_or_win_vol_norm
BA2_96_1_B5,Dy17,GlutamateGlo,null_win_or_win_vol_norm
